source_language	translation_language	subject_id	predicate_id	source_value	translation_value	translation_status	translator
en	pt	HP:0000001	rdfs:label	All	Todos	OFFICIAL	https://orcid.org/0009-0005-0193-5224
en	pt	HP:0000002	rdfs:label	Abnormality of body height	Anomalia da altura corporal	OFFICIAL	https://orcid.org/0009-0005-0193-5224
en	pt	HP:0000003	rdfs:label	Multicystic kidney dysplasia	Displasia renal multicística	OFFICIAL	https://orcid.org/0009-0005-0193-5224
en	pt	HP:0000005	rdfs:label	Mode of inheritance	Modo de herança	OFFICIAL	https://orcid.org/0009-0005-0193-5224
en	pt	HP:0000006	rdfs:label	Autosomal dominant inheritance	Herança autossômica dominante	OFFICIAL	https://orcid.org/0009-0005-0193-5224
en	pt	HP:0000007	rdfs:label	Autosomal recessive inheritance	Herança autossômica recessiva	OFFICIAL	https://orcid.org/0009-0005-0193-5224
en	pt	HP:0000008	rdfs:label	Abnormal morphology of female internal genitalia	Morfologia anormal da genitália feminina interna	OFFICIAL	https://orcid.org/0009-0005-0193-5224
en	pt	HP:0000009	rdfs:label	Functional abnormality of the bladder	Anomalia funcional da bexiga	OFFICIAL	https://orcid.org/0009-0005-0193-5224
en	pt	HP:0000010	rdfs:label	Recurrent urinary tract infections	Infecções recorrentes do trato urinário	OFFICIAL	https://orcid.org/0009-0005-0193-5224
en	pt	HP:0000011	rdfs:label	Neurogenic bladder	Bexiga neurogênica	OFFICIAL	https://orcid.org/0009-0005-0193-5224
en	pt	HP:0000012	rdfs:label	Urinary urgency	Urgência miccional	OFFICIAL	https://orcid.org/0009-0005-0193-5224
en	pt	HP:0000013	rdfs:label	Hypoplasia of the uterus	Hipoplasia uterina	OFFICIAL	https://orcid.org/0009-0005-0193-5224
en	pt	HP:0000014	rdfs:label	Abnormality of the bladder	Anomalia da bexiga	OFFICIAL	https://orcid.org/0009-0005-0193-5224
en	pt	HP:0000015	rdfs:label	Bladder diverticulum	Divertículo vesical	OFFICIAL	https://orcid.org/0009-0005-0193-5224
en	pt	HP:0000016	rdfs:label	Urinary retention	Retenção urinária	OFFICIAL	https://orcid.org/0009-0005-0193-5224
en	pt	HP:0000017	rdfs:label	Nocturia	Noctúria	OFFICIAL	https://orcid.org/0009-0005-0193-5224
en	pt	HP:0000019	rdfs:label	Urinary hesitancy	Hesitação urinária	OFFICIAL	https://orcid.org/0009-0005-0193-5224
en	pt	HP:0000020	rdfs:label	Urinary incontinence	Incontinência urinária	OFFICIAL	https://orcid.org/0009-0005-0193-5224
en	pt	HP:0000021	rdfs:label	Megacystis	Megabexiga	OFFICIAL	https://orcid.org/0009-0005-0193-5224
en	pt	HP:0000022	rdfs:label	Abnormal male internal genitalia morphology	Morfologia anormal da genitália masculina interna	OFFICIAL	https://orcid.org/0009-0005-0193-5224
en	pt	HP:0000023	rdfs:label	Inguinal hernia	Hérnia inguinal	OFFICIAL	https://orcid.org/0009-0005-0193-5224
en	pt	HP:0000024	rdfs:label	Prostatitis	Prostatite	OFFICIAL	https://orcid.org/0009-0005-0193-5224
en	pt	HP:0000025	rdfs:label	Functional abnormality of male internal genitalia	Anomalia funcional da genitália masculina interna	OFFICIAL	https://orcid.org/0009-0005-0193-5224
en	pt	HP:0000026	rdfs:label	Male hypogonadism	Hipogonadismo masculino	OFFICIAL	https://orcid.org/0009-0005-0193-5224
en	pt	HP:0000027	rdfs:label	Azoospermia	Azoospermia	OFFICIAL	https://orcid.org/0009-0005-0193-5224
en	pt	HP:0000028	rdfs:label	Cryptorchidism	Criptorquidia	OFFICIAL	https://orcid.org/0009-0005-0193-5224
en	pt	HP:0000029	rdfs:label	Testicular atrophy	Atrofia testicular	OFFICIAL	https://orcid.org/0009-0005-0193-5224
en	pt	HP:0000030	rdfs:label	Testicular gonadoblastoma	Gonadoblastoma testicular	OFFICIAL	https://orcid.org/0009-0005-0193-5224
en	pt	HP:0000031	rdfs:label	Epididymitis	Epididimite	OFFICIAL	https://orcid.org/0009-0005-0193-5224
en	pt	HP:0000032	rdfs:label	Abnormal male external genitalia morphology	Morfologia anormal da genitália masculina externa	OFFICIAL	https://orcid.org/0009-0005-0193-5224
en	pt	HP:0000033	rdfs:label	Ambiguous genitalia, male	Genitália ambígua, no sexo masculino	OFFICIAL	https://orcid.org/0009-0005-0193-5224
en	pt	HP:0000034	rdfs:label	Hydrocele testis	Hidrocele testicular	OFFICIAL	https://orcid.org/0009-0005-0193-5224
en	pt	HP:0000035	rdfs:label	Abnormal testis morphology	Morfologia anormal dos testículos	OFFICIAL	https://orcid.org/0009-0005-0193-5224
en	pt	HP:0000036	rdfs:label	Abnormal penis morphology	Morfologia anormal do pênis	OFFICIAL	https://orcid.org/0009-0005-0193-5224
en	pt	HP:0000037	rdfs:label	Male pseudohermaphroditism	Pseudo-hermafroditismo masculino	OFFICIAL	https://orcid.org/0009-0005-0193-5224
en	pt	HP:0000039	rdfs:label	Epispadias	Epispádia	OFFICIAL	https://orcid.org/0009-0005-0193-5224
en	pt	HP:0000040	rdfs:label	Long penis	Pênis longo	OFFICIAL	https://orcid.org/0009-0005-0193-5224
en	pt	HP:0000041	rdfs:label	Chordee	Curvatura peniana congênita	OFFICIAL	https://orcid.org/0009-0005-0193-5224
en	pt	HP:0000042	rdfs:label	Absent external genitalia	Ausência da genitália externa	OFFICIAL	https://orcid.org/0009-0005-0193-5224
en	pt	HP:0000044	rdfs:label	Hypogonadotropic hypogonadism	Hipogonadismo hipogonadotrófico	OFFICIAL	https://orcid.org/0009-0005-0193-5224
en	pt	HP:0000045	rdfs:label	Abnormal scrotum morphology	Morfologia anormal do escroto	OFFICIAL	https://orcid.org/0009-0005-0193-5224
en	pt	HP:0000046	rdfs:label	Small scrotum	Escroto pequeno	OFFICIAL	https://orcid.org/0009-0005-0193-5224
en	pt	HP:0000047	rdfs:label	Hypospadias	Hipospádia	OFFICIAL	https://orcid.org/0009-0005-0193-5224
en	pt	HP:0000048	rdfs:label	Bifid scrotum	Escroto bífido	OFFICIAL	https://orcid.org/0009-0005-0193-5224
en	pt	HP:0000049	rdfs:label	Shawl scrotum	Escroto em xale	OFFICIAL	https://orcid.org/0009-0005-0193-5224
en	pt	HP:0000050	rdfs:label	Hypoplastic male external genitalia	Genitália externa masculina hipoplásica	OFFICIAL	https://orcid.org/0009-0005-0193-5224
en	pt	HP:0000051	rdfs:label	Perineal hypospadias	Hipospádia perineal	OFFICIAL	https://orcid.org/0009-0005-0193-5224
en	pt	HP:0000052	rdfs:label	Urethral atresia, male	Atresia uretral, em homens	OFFICIAL	https://orcid.org/0009-0005-0193-5224
en	pt	HP:0000053	rdfs:label	Macroorchidism	Macro-orquidismo	OFFICIAL	https://orcid.org/0009-0005-0193-5224
en	pt	HP:0000054	rdfs:label	Micropenis	Micropênis	OFFICIAL	https://orcid.org/0009-0005-0193-5224
en	pt	HP:0000055	rdfs:label	Abnormal female external genitalia morphology	Morfologia anormal da genitália feminina externa	OFFICIAL	https://orcid.org/0009-0005-0193-5224
en	pt	HP:0000056	rdfs:label	Abnormal clitoris morphology	Morfologia anormal do clitóris	OFFICIAL	https://orcid.org/0009-0005-0193-5224
en	pt	HP:0000058	rdfs:label	Abnormal labia morphology	Morfologia anormal dos lábios vulvares	OFFICIAL	https://orcid.org/0009-0005-0193-5224
en	pt	HP:0000059	rdfs:label	Hypoplastic labia majora	Grandes lábios hipoplásicos	OFFICIAL	https://orcid.org/0009-0005-0193-5224
en	pt	HP:0000060	rdfs:label	Clitoral hypoplasia	Hipoplasia clitoriana	OFFICIAL	https://orcid.org/0009-0005-0193-5224
en	pt	HP:0000061	rdfs:label	Ambiguous genitalia, female	Genitália ambígua, no sexo feminino	OFFICIAL	https://orcid.org/0009-0005-0193-5224
en	pt	HP:0000062	rdfs:label	Ambiguous genitalia	Genitália ambígua	OFFICIAL	https://orcid.org/0009-0005-0193-5224
en	pt	HP:0000063	rdfs:label	Fused labia minora	Lábios menores fundidos	OFFICIAL	https://orcid.org/0009-0005-0193-5224
en	pt	HP:0000064	rdfs:label	Hypoplastic labia minora	Lábios menores hipoplásicos	OFFICIAL	https://orcid.org/0009-0005-0193-5224
en	pt	HP:0000065	rdfs:label	Labial hypertrophy	Hipertrofia dos lábios vulvares	OFFICIAL	https://orcid.org/0009-0005-0193-5224
en	pt	HP:0000066	rdfs:label	Labial hypoplasia	Hipoplasia dos lábios vulvares	OFFICIAL	https://orcid.org/0009-0005-0193-5224
en	pt	HP:0000067	rdfs:label	Urethral atresia, female	Atresia uretral feminina	OFFICIAL	https://orcid.org/0009-0005-0193-5224
en	pt	HP:0000068	rdfs:label	Urethral atresia	Atresia uretral	OFFICIAL	https://orcid.org/0009-0005-0193-5224
en	pt	HP:0000069	rdfs:label	Abnormality of the ureter	Anomalia do ureter	OFFICIAL	https://orcid.org/0009-0005-0193-5224
en	pt	HP:0000070	rdfs:label	Ureterocele	Ureterocele	OFFICIAL	https://orcid.org/0009-0005-0193-5224
en	pt	HP:0000071	rdfs:label	Ureteral stenosis	Estenose do ureter	OFFICIAL	https://orcid.org/0009-0005-0193-5224
en	pt	HP:0000072	rdfs:label	Hydroureter	Hidroureter	OFFICIAL	https://orcid.org/0009-0005-0193-5224
en	pt	HP:0000073	rdfs:label	Ureteral duplication	Duplicação ureteral	OFFICIAL	https://orcid.org/0009-0005-0193-5224
en	pt	HP:0000074	rdfs:label	Ureteropelvic junction obstruction	Obstrução da junção ureteropélvica	OFFICIAL	https://orcid.org/0009-0005-0193-5224
en	pt	HP:0000075	rdfs:label	Renal duplication	Duplicação renal	OFFICIAL	https://orcid.org/0009-0005-0193-5224
en	pt	HP:0000076	rdfs:label	Vesicoureteral reflux	Refluxo vesicoureteral	OFFICIAL	https://orcid.org/0009-0005-0193-5224
en	pt	HP:0000077	rdfs:label	Abnormality of the kidney	Anomalia do rim	OFFICIAL	https://orcid.org/0009-0005-0193-5224
en	pt	HP:0000078	rdfs:label	Abnormality of the genital system	Anomalia do sistema genital	OFFICIAL	https://orcid.org/0009-0005-0193-5224
en	pt	HP:0000079	rdfs:label	Abnormality of the urinary system	Anomalia do sistema urinário	OFFICIAL	https://orcid.org/0009-0005-0193-5224
en	pt	HP:0000080	rdfs:label	Abnormality of reproductive system physiology	Anomalia da fisiologia do sistema reprodutivo	OFFICIAL	https://orcid.org/0009-0005-0193-5224
en	pt	HP:0000081	rdfs:label	Duplicated collecting system	Duplicação do sistema colector	OFFICIAL	https://orcid.org/0009-0005-0193-5224
en	pt	HP:0000083	rdfs:label	Renal insufficiency	Insuficiência renal	OFFICIAL	https://orcid.org/0009-0005-0193-5224
en	pt	HP:0000085	rdfs:label	Horseshoe kidney	Rim em ferradura	OFFICIAL	https://orcid.org/0009-0005-0193-5224
en	pt	HP:0000086	rdfs:label	Ectopic kidney	Rim ectópico	OFFICIAL	https://orcid.org/0009-0005-0193-5224
en	pt	HP:0000089	rdfs:label	Renal hypoplasia	Hipoplasia renal	OFFICIAL	https://orcid.org/0009-0005-0193-5224
en	pt	HP:0000090	rdfs:label	Nephronophthisis	Nefroftise	OFFICIAL	https://orcid.org/0009-0005-0193-5224
en	pt	HP:0000091	rdfs:label	Abnormal renal tubule morphology	Morfologia anormal dos túbulos renais	OFFICIAL	https://orcid.org/0009-0005-0193-5224
en	pt	HP:0000092	rdfs:label	Renal tubular atrophy	Atrofia tubular renal	OFFICIAL	https://orcid.org/0009-0005-0193-5224
en	pt	HP:0000093	rdfs:label	Proteinuria	Proteinúria	OFFICIAL	https://orcid.org/0009-0005-0193-5224
en	pt	HP:0000095	rdfs:label	Abnormal renal glomerulus morphology	Morfologia anormal do glomérulo renal	OFFICIAL	https://orcid.org/0009-0005-0193-5224
en	pt	HP:0000096	rdfs:label	Glomerular sclerosis	Glomerulosclerose	OFFICIAL	https://orcid.org/0009-0005-0193-5224
en	pt	HP:0000097	rdfs:label	Focal segmental glomerulosclerosis	Glomerulosclerose focal e segmentar	OFFICIAL	https://orcid.org/0009-0005-0193-5224
en	pt	HP:0000098	rdfs:label	Tall stature	Estatura alta	OFFICIAL	https://orcid.org/0009-0005-0193-5224
en	pt	HP:0000099	rdfs:label	Glomerulonephritis	Glomerulonefrite	OFFICIAL	https://orcid.org/0009-0005-0193-5224
en	pt	HP:0000100	rdfs:label	Nephrotic syndrome	Síndrome nefrótica	OFFICIAL	https://orcid.org/0009-0005-0193-5224
en	pt	HP:0000103	rdfs:label	Polyuria	Poliúria	OFFICIAL	https://orcid.org/0009-0005-0193-5224
en	pt	HP:0000104	rdfs:label	Renal agenesis	Agenesia renal	OFFICIAL	https://orcid.org/0009-0005-0193-5224
en	pt	HP:0000105	rdfs:label	Enlarged kidney	Rim aumentado	OFFICIAL	https://orcid.org/0009-0005-0193-5224
en	pt	HP:0000107	rdfs:label	Renal cyst	Cisto renal	OFFICIAL	https://orcid.org/0009-0005-0193-5224
en	pt	HP:0000108	rdfs:label	Renal corticomedullary cysts	Cistos renais corticomedulares	OFFICIAL	https://orcid.org/0009-0005-0193-5224
en	pt	HP:0000110	rdfs:label	Renal dysplasia	Displasia renal	OFFICIAL	https://orcid.org/0009-0005-0193-5224
en	pt	HP:0000111	rdfs:label	Renal juxtaglomerular cell hypertrophy/hyperplasia	Hipertrofia/hiperplasia de células renais justaglomerulares	OFFICIAL	https://orcid.org/0009-0005-0193-5224
en	pt	HP:0000112	rdfs:label	Nephropathy	Nefropatia	OFFICIAL	https://orcid.org/0009-0005-0193-5224
en	pt	HP:0000113	rdfs:label	Polycystic kidney dysplasia	Displasia renal policística	OFFICIAL	https://orcid.org/0009-0005-0193-5224
en	pt	HP:0000114	rdfs:label	Proximal tubulopathy	Tubulopatia proximal	OFFICIAL	https://orcid.org/0009-0005-0193-5224
en	pt	HP:0000118	rdfs:label	Phenotypic abnormality	Anomalia fenotípica	OFFICIAL	https://orcid.org/0009-0005-0193-5224
en	pt	HP:0000119	rdfs:label	Abnormality of the genitourinary system	Anomalia do sistema genitourinário	OFFICIAL	https://orcid.org/0009-0005-0193-5224
en	pt	HP:0000121	rdfs:label	Nephrocalcinosis	Nefrocalcinose	OFFICIAL	https://orcid.org/0009-0005-0193-5224
en	pt	HP:0000122	rdfs:label	Unilateral renal agenesis	Agenesia renal unilateral	OFFICIAL	https://orcid.org/0009-0005-0193-5224
en	pt	HP:0000001	rdfs:label	All	Todos	OFFICIAL	https://orcid.org/0009-0005-0193-5224
en	pt	HP:0000002	rdfs:label	Abnormality of body height	Anomalia da altura corporal	OFFICIAL	https://orcid.org/0009-0005-0193-5224
en	pt	HP:0000003	rdfs:label	Multicystic kidney dysplasia	Displasia renal multicística	OFFICIAL	https://orcid.org/0009-0005-0193-5224
en	pt	HP:0000005	rdfs:label	Mode of inheritance	Modo de herança	OFFICIAL	https://orcid.org/0009-0005-0193-5224
en	pt	HP:0000006	rdfs:label	Autosomal dominant inheritance	Herança autossômica dominante	OFFICIAL	https://orcid.org/0009-0005-0193-5224
en	pt	HP:0000007	rdfs:label	Autosomal recessive inheritance	Herança autossômica recessiva	OFFICIAL	https://orcid.org/0009-0005-0193-5224
en	pt	HP:0000008	rdfs:label	Abnormal morphology of female internal genitalia	Morfologia anormal da genitália feminina interna	OFFICIAL	https://orcid.org/0009-0005-0193-5224
en	pt	HP:0000009	rdfs:label	Functional abnormality of the bladder	Anomalia funcional da bexiga	OFFICIAL	https://orcid.org/0009-0005-0193-5224
en	pt	HP:0000010	rdfs:label	Recurrent urinary tract infections	Infecções recorrentes do trato urinário	OFFICIAL	https://orcid.org/0009-0005-0193-5224
en	pt	HP:0000011	rdfs:label	Neurogenic bladder	Bexiga neurogênica	OFFICIAL	https://orcid.org/0009-0005-0193-5224
en	pt	HP:0000012	rdfs:label	Urinary urgency	Urgência miccional	OFFICIAL	https://orcid.org/0009-0005-0193-5224
en	pt	HP:0000013	rdfs:label	Hypoplasia of the uterus	Hipoplasia uterina	OFFICIAL	https://orcid.org/0009-0005-0193-5224
en	pt	HP:0000014	rdfs:label	Abnormality of the bladder	Anomalia da bexiga	OFFICIAL	https://orcid.org/0009-0005-0193-5224
en	pt	HP:0000015	rdfs:label	Bladder diverticulum	Divertículo vesical	OFFICIAL	https://orcid.org/0009-0005-0193-5224
en	pt	HP:0000016	rdfs:label	Urinary retention	Retenção urinária	OFFICIAL	https://orcid.org/0009-0005-0193-5224
en	pt	HP:0000017	rdfs:label	Nocturia	Noctúria	OFFICIAL	https://orcid.org/0009-0005-0193-5224
en	pt	HP:0000019	rdfs:label	Urinary hesitancy	Hesitação urinária	OFFICIAL	https://orcid.org/0009-0005-0193-5224
en	pt	HP:0000020	rdfs:label	Urinary incontinence	Incontinência urinária	OFFICIAL	https://orcid.org/0009-0005-0193-5224
en	pt	HP:0000021	rdfs:label	Megacystis	Megabexiga	OFFICIAL	https://orcid.org/0009-0005-0193-5224
en	pt	HP:0000022	rdfs:label	Abnormal male internal genitalia morphology	Morfologia anormal da genitália masculina interna	OFFICIAL	https://orcid.org/0009-0005-0193-5224
en	pt	HP:0000023	rdfs:label	Inguinal hernia	Hérnia inguinal	OFFICIAL	https://orcid.org/0009-0005-0193-5224
en	pt	HP:0000024	rdfs:label	Prostatitis	Prostatite	OFFICIAL	https://orcid.org/0009-0005-0193-5224
en	pt	HP:0000025	rdfs:label	Functional abnormality of male internal genitalia	Anomalia funcional da genitália masculina interna	OFFICIAL	https://orcid.org/0009-0005-0193-5224
en	pt	HP:0000026	rdfs:label	Male hypogonadism	Hipogonadismo masculino	OFFICIAL	https://orcid.org/0009-0005-0193-5224
en	pt	HP:0000027	rdfs:label	Azoospermia	Azoospermia	OFFICIAL	https://orcid.org/0009-0005-0193-5224
en	pt	HP:0000028	rdfs:label	Cryptorchidism	Criptorquidia	OFFICIAL	https://orcid.org/0009-0005-0193-5224
en	pt	HP:0000029	rdfs:label	Testicular atrophy	Atrofia testicular	OFFICIAL	https://orcid.org/0009-0005-0193-5224
en	pt	HP:0000030	rdfs:label	Testicular gonadoblastoma	Gonadoblastoma testicular	OFFICIAL	https://orcid.org/0009-0005-0193-5224
en	pt	HP:0000031	rdfs:label	Epididymitis	Epididimite	OFFICIAL	https://orcid.org/0009-0005-0193-5224
en	pt	HP:0000032	rdfs:label	Abnormal male external genitalia morphology	Morfologia anormal da genitália masculina externa	OFFICIAL	https://orcid.org/0009-0005-0193-5224
en	pt	HP:0000033	rdfs:label	Ambiguous genitalia, male	Genitália ambígua, no sexo masculino	OFFICIAL	https://orcid.org/0009-0005-0193-5224
en	pt	HP:0000034	rdfs:label	Hydrocele testis	Hidrocele testicular	OFFICIAL	https://orcid.org/0009-0005-0193-5224
en	pt	HP:0000035	rdfs:label	Abnormal testis morphology	Morfologia anormal dos testículos	OFFICIAL	https://orcid.org/0009-0005-0193-5224
en	pt	HP:0000036	rdfs:label	Abnormal penis morphology	Morfologia anormal do pênis	OFFICIAL	https://orcid.org/0009-0005-0193-5224
en	pt	HP:0000037	rdfs:label	Male pseudohermaphroditism	Pseudo-hermafroditismo masculino	OFFICIAL	https://orcid.org/0009-0005-0193-5224
en	pt	HP:0000039	rdfs:label	Epispadias	Epispádia	OFFICIAL	https://orcid.org/0009-0005-0193-5224
en	pt	HP:0000040	rdfs:label	Long penis	Pênis longo	OFFICIAL	https://orcid.org/0009-0005-0193-5224
en	pt	HP:0000041	rdfs:label	Chordee	Curvatura peniana congênita	OFFICIAL	https://orcid.org/0009-0005-0193-5224
en	pt	HP:0000042	rdfs:label	Absent external genitalia	Ausência da genitália externa	OFFICIAL	https://orcid.org/0009-0005-0193-5224
en	pt	HP:0000044	rdfs:label	Hypogonadotropic hypogonadism	Hipogonadismo hipogonadotrófico	OFFICIAL	https://orcid.org/0009-0005-0193-5224
en	pt	HP:0000045	rdfs:label	Abnormal scrotum morphology	Morfologia anormal do escroto	OFFICIAL	https://orcid.org/0009-0005-0193-5224
en	pt	HP:0000046	rdfs:label	Small scrotum	Escroto pequeno	OFFICIAL	https://orcid.org/0009-0005-0193-5224
en	pt	HP:0000047	rdfs:label	Hypospadias	Hipospádia	OFFICIAL	https://orcid.org/0009-0005-0193-5224
en	pt	HP:0000048	rdfs:label	Bifid scrotum	Escroto bífido	OFFICIAL	https://orcid.org/0009-0005-0193-5224
en	pt	HP:0000049	rdfs:label	Shawl scrotum	Escroto em xale	OFFICIAL	https://orcid.org/0009-0005-0193-5224
en	pt	HP:0000050	rdfs:label	Hypoplastic male external genitalia	Genitália externa masculina hipoplásica	OFFICIAL	https://orcid.org/0009-0005-0193-5224
en	pt	HP:0000051	rdfs:label	Perineal hypospadias	Hipospádia perineal	OFFICIAL	https://orcid.org/0009-0005-0193-5224
en	pt	HP:0000052	rdfs:label	Urethral atresia, male	Atresia uretral, em homens	OFFICIAL	https://orcid.org/0009-0005-0193-5224
en	pt	HP:0000053	rdfs:label	Macroorchidism	Macro-orquidismo	OFFICIAL	https://orcid.org/0009-0005-0193-5224
en	pt	HP:0000054	rdfs:label	Micropenis	Micropênis	OFFICIAL	https://orcid.org/0009-0005-0193-5224
en	pt	HP:0000055	rdfs:label	Abnormal female external genitalia morphology	Morfologia anormal da genitália feminina externa	OFFICIAL	https://orcid.org/0009-0005-0193-5224
en	pt	HP:0000056	rdfs:label	Abnormal clitoris morphology	Morfologia anormal do clitóris	OFFICIAL	https://orcid.org/0009-0005-0193-5224
en	pt	HP:0000058	rdfs:label	Abnormal labia morphology	Morfologia anormal dos lábios vulvares	OFFICIAL	https://orcid.org/0009-0005-0193-5224
en	pt	HP:0000059	rdfs:label	Hypoplastic labia majora	Grandes lábios hipoplásicos	OFFICIAL	https://orcid.org/0009-0005-0193-5224
en	pt	HP:0000060	rdfs:label	Clitoral hypoplasia	Hipoplasia clitoriana	OFFICIAL	https://orcid.org/0009-0005-0193-5224
en	pt	HP:0000061	rdfs:label	Ambiguous genitalia, female	Genitália ambígua, no sexo feminino	OFFICIAL	https://orcid.org/0009-0005-0193-5224
en	pt	HP:0000062	rdfs:label	Ambiguous genitalia	Genitália ambígua	OFFICIAL	https://orcid.org/0009-0005-0193-5224
en	pt	HP:0000063	rdfs:label	Fused labia minora	Lábios menores fundidos	OFFICIAL	https://orcid.org/0009-0005-0193-5224
en	pt	HP:0000064	rdfs:label	Hypoplastic labia minora	Lábios menores hipoplásicos	OFFICIAL	https://orcid.org/0009-0005-0193-5224
en	pt	HP:0000065	rdfs:label	Labial hypertrophy	Hipertrofia dos lábios vulvares	OFFICIAL	https://orcid.org/0009-0005-0193-5224
en	pt	HP:0000066	rdfs:label	Labial hypoplasia	Hipoplasia dos lábios vulvares	OFFICIAL	https://orcid.org/0009-0005-0193-5224
en	pt	HP:0000067	rdfs:label	Urethral atresia, female	Atresia uretral feminina	OFFICIAL	https://orcid.org/0009-0005-0193-5224
en	pt	HP:0000068	rdfs:label	Urethral atresia	Atresia uretral	OFFICIAL	https://orcid.org/0009-0005-0193-5224
en	pt	HP:0000069	rdfs:label	Abnormality of the ureter	Anomalia do ureter	OFFICIAL	https://orcid.org/0009-0005-0193-5224
en	pt	HP:0000070	rdfs:label	Ureterocele	Ureterocele	OFFICIAL	https://orcid.org/0009-0005-0193-5224
en	pt	HP:0000071	rdfs:label	Ureteral stenosis	Estenose do ureter	OFFICIAL	https://orcid.org/0009-0005-0193-5224
en	pt	HP:0000072	rdfs:label	Hydroureter	Hidroureter	OFFICIAL	https://orcid.org/0009-0005-0193-5224
en	pt	HP:0000073	rdfs:label	Ureteral duplication	Duplicação ureteral	OFFICIAL	https://orcid.org/0009-0005-0193-5224
en	pt	HP:0000074	rdfs:label	Ureteropelvic junction obstruction	Obstrução da junção ureteropélvica	OFFICIAL	https://orcid.org/0009-0005-0193-5224
en	pt	HP:0000075	rdfs:label	Renal duplication	Duplicação renal	OFFICIAL	https://orcid.org/0009-0005-0193-5224
en	pt	HP:0000076	rdfs:label	Vesicoureteral reflux	Refluxo vesicoureteral	OFFICIAL	https://orcid.org/0009-0005-0193-5224
en	pt	HP:0000077	rdfs:label	Abnormality of the kidney	Anomalia do rim	OFFICIAL	https://orcid.org/0009-0005-0193-5224
en	pt	HP:0000078	rdfs:label	Abnormality of the genital system	Anomalia do sistema genital	OFFICIAL	https://orcid.org/0009-0005-0193-5224
en	pt	HP:0000079	rdfs:label	Abnormality of the urinary system	Anomalia do sistema urinário	OFFICIAL	https://orcid.org/0009-0005-0193-5224
en	pt	HP:0000080	rdfs:label	Abnormality of reproductive system physiology	Anomalia da fisiologia do sistema reprodutivo	OFFICIAL	https://orcid.org/0009-0005-0193-5224
en	pt	HP:0000081	rdfs:label	Duplicated collecting system	Duplicação do sistema colector	OFFICIAL	https://orcid.org/0009-0005-0193-5224
en	pt	HP:0000083	rdfs:label	Renal insufficiency	Insuficiência renal	OFFICIAL	https://orcid.org/0009-0005-0193-5224
en	pt	HP:0000085	rdfs:label	Horseshoe kidney	Rim em ferradura	OFFICIAL	https://orcid.org/0009-0005-0193-5224
en	pt	HP:0000086	rdfs:label	Ectopic kidney	Rim ectópico	OFFICIAL	https://orcid.org/0009-0005-0193-5224
en	pt	HP:0000089	rdfs:label	Renal hypoplasia	Hipoplasia renal	OFFICIAL	https://orcid.org/0009-0005-0193-5224
en	pt	HP:0000090	rdfs:label	Nephronophthisis	Nefroftise	OFFICIAL	https://orcid.org/0009-0005-0193-5224
en	pt	HP:0000091	rdfs:label	Abnormal renal tubule morphology	Morfologia anormal dos túbulos renais	OFFICIAL	https://orcid.org/0009-0005-0193-5224
en	pt	HP:0000092	rdfs:label	Renal tubular atrophy	Atrofia tubular renal	OFFICIAL	https://orcid.org/0009-0005-0193-5224
en	pt	HP:0000093	rdfs:label	Proteinuria	Proteinúria	OFFICIAL	https://orcid.org/0009-0005-0193-5224
en	pt	HP:0000095	rdfs:label	Abnormal renal glomerulus morphology	Morfologia anormal do glomérulo renal	OFFICIAL	https://orcid.org/0009-0005-0193-5224
en	pt	HP:0000096	rdfs:label	Glomerular sclerosis	Glomerulosclerose	OFFICIAL	https://orcid.org/0009-0005-0193-5224
en	pt	HP:0000097	rdfs:label	Focal segmental glomerulosclerosis	Glomerulosclerose focal e segmentar	OFFICIAL	https://orcid.org/0009-0005-0193-5224
en	pt	HP:0000098	rdfs:label	Tall stature	Estatura alta	OFFICIAL	https://orcid.org/0009-0005-0193-5224
en	pt	HP:0000099	rdfs:label	Glomerulonephritis	Glomerulonefrite	OFFICIAL	https://orcid.org/0009-0005-0193-5224
en	pt	HP:0000100	rdfs:label	Nephrotic syndrome	Síndrome nefrótica	OFFICIAL	https://orcid.org/0009-0005-0193-5224
en	pt	HP:0000103	rdfs:label	Polyuria	Poliúria	OFFICIAL	https://orcid.org/0009-0005-0193-5224
en	pt	HP:0000104	rdfs:label	Renal agenesis	Agenesia renal	OFFICIAL	https://orcid.org/0009-0005-0193-5224
en	pt	HP:0000105	rdfs:label	Enlarged kidney	Rim aumentado	OFFICIAL	https://orcid.org/0009-0005-0193-5224
en	pt	HP:0000107	rdfs:label	Renal cyst	Cisto renal	OFFICIAL	https://orcid.org/0009-0005-0193-5224
en	pt	HP:0000108	rdfs:label	Renal corticomedullary cysts	Cistos renais corticomedulares	OFFICIAL	https://orcid.org/0009-0005-0193-5224
en	pt	HP:0000110	rdfs:label	Renal dysplasia	Displasia renal	OFFICIAL	https://orcid.org/0009-0005-0193-5224
en	pt	HP:0000111	rdfs:label	Renal juxtaglomerular cell hypertrophy/hyperplasia	Hipertrofia/hiperplasia de células renais justaglomerulares	OFFICIAL	https://orcid.org/0009-0005-0193-5224
en	pt	HP:0000112	rdfs:label	Nephropathy	Nefropatia	OFFICIAL	https://orcid.org/0009-0005-0193-5224
en	pt	HP:0000113	rdfs:label	Polycystic kidney dysplasia	Displasia renal policística	OFFICIAL	https://orcid.org/0009-0005-0193-5224
en	pt	HP:0000114	rdfs:label	Proximal tubulopathy	Tubulopatia proximal	OFFICIAL	https://orcid.org/0009-0005-0193-5224
en	pt	HP:0000118	rdfs:label	Phenotypic abnormality	Anomalia fenotípica	OFFICIAL	https://orcid.org/0009-0005-0193-5224
en	pt	HP:0000119	rdfs:label	Abnormality of the genitourinary system	Anomalia do sistema genitourinário	OFFICIAL	https://orcid.org/0009-0005-0193-5224
en	pt	HP:0000121	rdfs:label	Nephrocalcinosis	Nefrocalcinose	OFFICIAL	https://orcid.org/0009-0005-0193-5224
en	pt	HP:0000122	rdfs:label	Unilateral renal agenesis	Agenesia renal unilateral	OFFICIAL	https://orcid.org/0009-0005-0193-5224
en	pt	HP:0000123	rdfs:label	Nephritis	Nefrite	OFFICIAL	https://orcid.org/0009-0005-0193-5224
en	pt	HP:0000124	rdfs:label	Renal tubular dysfunction	Disfunção tubular renal	OFFICIAL	https://orcid.org/0009-0005-0193-5224
en	pt	HP:0000125	rdfs:label	Pelvic kidney	Rim pélvico	OFFICIAL	https://orcid.org/0009-0005-0193-5224
en	pt	HP:0000126	rdfs:label	Hydronephrosis	Hidronefrose	OFFICIAL	https://orcid.org/0009-0005-0193-5224
en	pt	HP:0000127	rdfs:label	Renal salt wasting	Perda renal de eletrólitos	OFFICIAL	https://orcid.org/0009-0005-0193-5224
en	pt	HP:0000128	rdfs:label	Renal potassium wasting	Perda renal de potássio	OFFICIAL	https://orcid.org/0009-0005-0193-5224
en	pt	HP:0000130	rdfs:label	Abnormality of the uterus	Anomalia uterina	OFFICIAL	https://orcid.org/0009-0005-0193-5224
en	pt	HP:0000131	rdfs:label	Uterine leiomyoma	Leiomioma uterino	OFFICIAL	https://orcid.org/0009-0005-0193-5224
en	pt	HP:0000132	rdfs:label	Menorrhagia	Menstruação excessiva	OFFICIAL	https://orcid.org/0009-0005-0193-5224
en	pt	HP:0000133	rdfs:label	Gonadal dysgenesis	Disgenesia gonadal	OFFICIAL	https://orcid.org/0009-0005-0193-5224
en	pt	HP:0000134	rdfs:label	Female hypogonadism	Hipogonadismo feminino	OFFICIAL	https://orcid.org/0009-0005-0193-5224
en	pt	HP:0000135	rdfs:label	Hypogonadism	Hipogonadismo	OFFICIAL	https://orcid.org/0009-0005-0193-5224
en	pt	HP:0000136	rdfs:label	Bifid uterus	Útero bicórneo	OFFICIAL	https://orcid.org/0009-0005-0193-5224
en	pt	HP:0000137	rdfs:label	Abnormality of the ovary	Anomalia do ovário	OFFICIAL	https://orcid.org/0009-0005-0193-5224
en	pt	HP:0000138	rdfs:label	Ovarian cyst	Cisto ovariano	OFFICIAL	https://orcid.org/0009-0005-0193-5224
en	pt	HP:0000139	rdfs:label	Uterine prolapse	Prolapso uterino	OFFICIAL	https://orcid.org/0009-0005-0193-5224
en	pt	HP:0000140	rdfs:label	Abnormality of the menstrual cycle	Anomalia do ciclo menstrual	OFFICIAL	https://orcid.org/0009-0005-0193-5224
en	pt	HP:0000141	rdfs:label	Amenorrhea	Amenorreia	OFFICIAL	https://orcid.org/0009-0005-0193-5224
en	pt	HP:0000142	rdfs:label	Abnormal vagina morphology	Morfologia anormal da vagina	OFFICIAL	https://orcid.org/0009-0005-0193-5224
en	pt	HP:0000143	rdfs:label	Rectovaginal fistula	Fístula retovaginal	OFFICIAL	https://orcid.org/0009-0005-0193-5224
en	pt	HP:0000144	rdfs:label	Decreased fertility	Diminuição da fertilidade	OFFICIAL	https://orcid.org/0009-0005-0193-5224
en	pt	HP:0000145	rdfs:label	Transverse vaginal septum	Septo vaginal transverso	OFFICIAL	https://orcid.org/0009-0005-0193-5224
en	pt	HP:0000147	rdfs:label	Polycystic ovaries	Ovário policístico	OFFICIAL	https://orcid.org/0009-0005-0193-5224
en	pt	HP:0000148	rdfs:label	Vaginal atresia	Atresia vaginal	OFFICIAL	https://orcid.org/0009-0005-0193-5224
en	pt	HP:0000149	rdfs:label	Ovarian gonadoblastoma	Gonadoblastoma ovariano	OFFICIAL	https://orcid.org/0009-0005-0193-5224
en	pt	HP:0000150	rdfs:label	Gonadoblastoma	Gonadoblastoma	OFFICIAL	https://orcid.org/0009-0005-0193-5224
en	pt	HP:0000151	rdfs:label	Aplasia of the uterus	Aplasia uterina	OFFICIAL	https://orcid.org/0009-0005-0193-5224
en	pt	HP:0000152	rdfs:label	Abnormality of head or neck	Anomalia da cabeça ou do pescoço	OFFICIAL	https://orcid.org/0009-0005-0193-5224
en	pt	HP:0000153	rdfs:label	Abnormality of the mouth	Anomalia da boca	OFFICIAL	https://orcid.org/0009-0005-0193-5224
en	pt	HP:0000154	rdfs:label	Wide mouth	Boca larga	OFFICIAL	https://orcid.org/0009-0005-0193-5224
en	pt	HP:0000155	rdfs:label	Oral ulcer	Úlcera oral	OFFICIAL	https://orcid.org/0009-0005-0193-5224
en	pt	HP:0000157	rdfs:label	Abnormality of the tongue	Anomalia da língua	OFFICIAL	https://orcid.org/0009-0005-0193-5224
en	pt	HP:0000158	rdfs:label	Macroglossia	Macroglossia	OFFICIAL	https://orcid.org/0009-0005-0193-5224
en	pt	HP:0000159	rdfs:label	Abnormal lip morphology	Morfologia anormal do lábio	OFFICIAL	https://orcid.org/0009-0005-0193-5224
en	pt	HP:0000160	rdfs:label	Narrow mouth	Boca estreita	OFFICIAL	https://orcid.org/0009-0005-0193-5224
en	pt	HP:0000161	rdfs:label	Median cleft upper lip	Fenda labial mediana	OFFICIAL	https://orcid.org/0009-0005-0193-5224
en	pt	HP:0000162	rdfs:label	Glossoptosis	Glossoptose	OFFICIAL	https://orcid.org/0009-0005-0193-5224
en	pt	HP:0000163	rdfs:label	Abnormal oral cavity morphology	Morfologia anormal da cavidade oral	OFFICIAL	https://orcid.org/0009-0005-0193-5224
en	pt	HP:0000164	rdfs:label	Abnormality of the dentition	Anomalia da dentição	OFFICIAL	https://orcid.org/0009-0005-0193-5224
en	pt	HP:0000166	rdfs:label	Severe periodontitis	Periodontite grave	OFFICIAL	https://orcid.org/0009-0005-0193-5224
en	pt	HP:0000168	rdfs:label	Abnormality of the gingiva	Anomalia da gengiva	OFFICIAL	https://orcid.org/0009-0005-0193-5224
en	pt	HP:0000169	rdfs:label	Gingival fibromatosis	Fibromatose gengival	OFFICIAL	https://orcid.org/0009-0005-0193-5224
en	pt	HP:0000171	rdfs:label	Microglossia	Microglossia	OFFICIAL	https://orcid.org/0009-0005-0193-5224
en	pt	HP:0000172	rdfs:label	Abnormal uvula morphology	Morfologia anormal da úvula	OFFICIAL	https://orcid.org/0009-0005-0193-5224
en	pt	HP:0000174	rdfs:label	Abnormal palate morphology	Morfologia anormal do palato	OFFICIAL	https://orcid.org/0009-0005-0193-5224
en	pt	HP:0000175	rdfs:label	Cleft palate	Fenda palatina	OFFICIAL	https://orcid.org/0009-0005-0193-5224
en	pt	HP:0000176	rdfs:label	Submucous cleft hard palate	Fenda submucosa do palato duro	OFFICIAL	https://orcid.org/0009-0005-0193-5224
en	pt	HP:0000177	rdfs:label	Abnormal upper lip morphology	Morfologia anormal do lábio superior	OFFICIAL	https://orcid.org/0009-0005-0193-5224
en	pt	HP:0000178	rdfs:label	Abnormal lower lip morphology	Morfologia anormal do lábio inferior	OFFICIAL	https://orcid.org/0009-0005-0193-5224
en	pt	HP:0000179	rdfs:label	Thick lower lip vermilion	Vermelhão do lábio inferior espesso	OFFICIAL	https://orcid.org/0009-0005-0193-5224
en	pt	HP:0000180	rdfs:label	Lobulated tongue	Língua lobulada	OFFICIAL	https://orcid.org/0009-0005-0193-5224
en	pt	HP:0000182	rdfs:label	Movement abnormality of the tongue	Anomalia do movimento da língua	OFFICIAL	https://orcid.org/0009-0005-0193-5224
en	pt	HP:0000183	rdfs:label	Difficulty in tongue movements	Dificuldade nos movimentos da língua	OFFICIAL	https://orcid.org/0009-0005-0193-5224
en	pt	HP:0000185	rdfs:label	Cleft soft palate	Fenda do palato mole	OFFICIAL	https://orcid.org/0009-0005-0193-5224
en	pt	HP:0000187	rdfs:label	Broad alveolar ridges	Processos alveolares largos	OFFICIAL	https://orcid.org/0009-0005-0193-5224
en	pt	HP:0000188	rdfs:label	Short upper lip	Lábio superior curto	OFFICIAL	https://orcid.org/0009-0005-0193-5224
en	pt	HP:0000189	rdfs:label	Narrow palate	Palato estreito	OFFICIAL	https://orcid.org/0009-0005-0193-5224
en	pt	HP:0000190	rdfs:label	Abnormal oral frenulum morphology	Morfologia anormal do frênulo lingual	OFFICIAL	https://orcid.org/0009-0005-0193-5224
en	pt	HP:0000191	rdfs:label	Accessory oral frenulum	Frênulo lingual acessório	OFFICIAL	https://orcid.org/0009-0005-0193-5224
en	pt	HP:0000193	rdfs:label	Bifid uvula	Úvula bífida	OFFICIAL	https://orcid.org/0009-0005-0193-5224
en	pt	HP:0000194	rdfs:label	Open mouth	Boca aberta	OFFICIAL	https://orcid.org/0009-0005-0193-5224
en	pt	HP:0000196	rdfs:label	Lower lip pit	Fosseta labial inferior	OFFICIAL	https://orcid.org/0009-0005-0193-5224
en	pt	HP:0000197	rdfs:label	Abnormal parotid gland morphology	Morfologia anormal da glândula parótida	OFFICIAL	https://orcid.org/0009-0005-0193-5224
en	pt	HP:0000198	rdfs:label	Absence of Stensen duct	Ausência de ducto de Stensen	OFFICIAL	https://orcid.org/0009-0005-0193-5224
en	pt	HP:0000199	rdfs:label	Tongue nodules	Nódulos na língua	OFFICIAL	https://orcid.org/0009-0005-0193-5224
en	pt	HP:0000200	rdfs:label	Short lingual frenulum	Frênulo lingual curto	OFFICIAL	https://orcid.org/0009-0005-0193-5224
en	pt	HP:0000201	rdfs:label	Pierre-Robin sequence	Sequência de Pierre-Robin	OFFICIAL	https://orcid.org/0009-0005-0193-5224
en	pt	HP:0000202	rdfs:label	Orofacial cleft	Fenda orofacial	OFFICIAL	https://orcid.org/0009-0005-0193-5224
en	pt	HP:0000204	rdfs:label	Cleft upper lip	Fissura labial superior	OFFICIAL	https://orcid.org/0009-0005-0193-5224
en	pt	HP:0000205	rdfs:label	Pursed lips	Lábios franzidos	OFFICIAL	https://orcid.org/0009-0005-0193-5224
en	pt	HP:0000206	rdfs:label	Glossitis	Glossite	OFFICIAL	https://orcid.org/0009-0005-0193-5224
en	pt	HP:0000207	rdfs:label	Triangular mouth	Boca triangular	OFFICIAL	https://orcid.org/0009-0005-0193-5224
en	pt	HP:0000211	rdfs:label	Trismus	Trismo	OFFICIAL	https://orcid.org/0009-0005-0193-5224
en	pt	HP:0000212	rdfs:label	Gingival overgrowth	Crescimento excessivo da gengiva	OFFICIAL	https://orcid.org/0009-0005-0193-5224
en	pt	HP:0000214	rdfs:label	Lip telangiectasia	Telangiectasia labial	OFFICIAL	https://orcid.org/0009-0005-0193-5224
en	pt	HP:0000215	rdfs:label	Thick upper lip vermilion	Vermelhão do lábio superior espesso	OFFICIAL	https://orcid.org/0009-0005-0193-5224
en	pt	HP:0000217	rdfs:label	Xerostomia	Xerostomia	OFFICIAL	https://orcid.org/0009-0005-0193-5224
en	pt	HP:0000218	rdfs:label	High palate	Palato alto	OFFICIAL	https://orcid.org/0009-0005-0193-5224
en	pt	HP:0000219	rdfs:label	Thin upper lip vermilion	Vermelhão do lábio superior fino	OFFICIAL	https://orcid.org/0009-0005-0193-5224
en	pt	HP:0000220	rdfs:label	Velopharyngeal insufficiency	Insuficiência velofaríngea	OFFICIAL	https://orcid.org/0009-0005-0193-5224
en	pt	HP:0000221	rdfs:label	Furrowed tongue	Língua fissurada	OFFICIAL	https://orcid.org/0009-0005-0193-5224
en	pt	HP:0000222	rdfs:label	Gingival hyperkeratosis	Hiperceratose gengival	OFFICIAL	https://orcid.org/0009-0005-0193-5224
en	pt	HP:0000223	rdfs:label	Abnormality of taste sensation	Anomalia da sensação gustativa	OFFICIAL	https://orcid.org/0009-0005-0193-5224
en	pt	HP:0000224	rdfs:label	Hypogeusia	Hipogeusia	OFFICIAL	https://orcid.org/0009-0005-0193-5224
en	pt	HP:0000225	rdfs:label	Gingival bleeding	Sangramento da gengiva	OFFICIAL	https://orcid.org/0009-0005-0193-5224
en	pt	HP:0000227	rdfs:label	Tongue telangiectasia	Telangiectasia de língua	OFFICIAL	https://orcid.org/0009-0005-0193-5224
en	pt	HP:0000228	rdfs:label	Oral cavity telangiectasia	Telangiectasia da cavidade oral	OFFICIAL	https://orcid.org/0009-0005-0193-5224
en	pt	HP:0000230	rdfs:label	Gingivitis	Gengivite	OFFICIAL	https://orcid.org/0009-0005-0193-5224
en	pt	HP:0000232	rdfs:label	Everted lower lip vermilion	Vermelhão do lábio inferior evertido	OFFICIAL	https://orcid.org/0009-0005-0193-5224
en	pt	HP:0000233	rdfs:label	Thin vermilion border	Borda fina do vermelhão	OFFICIAL	https://orcid.org/0009-0005-0193-5224
en	pt	HP:0000234	rdfs:label	Abnormality of the head	Anomalia da cabeça	OFFICIAL	https://orcid.org/0009-0005-0193-5224
en	pt	HP:0000235	rdfs:label	Abnormality of the fontanelles or cranial sutures	Anomalia das fontanelas ou suturas cranianas	OFFICIAL	https://orcid.org/0009-0005-0193-5224
en	pt	HP:0000236	rdfs:label	Abnormality of the anterior fontanelle	Anomalia da fontanela anterior	OFFICIAL	https://orcid.org/0009-0005-0193-5224
en	pt	HP:0000237	rdfs:label	Small anterior fontanelle	Fontanela anterior pequena	OFFICIAL	https://orcid.org/0009-0005-0193-5224
en	pt	HP:0000238	rdfs:label	Hydrocephalus	Hidrocefalia	OFFICIAL	https://orcid.org/0009-0005-0193-5224
en	pt	HP:0000239	rdfs:label	Large fontanelles	Fontanelas grandes	OFFICIAL	https://orcid.org/0009-0005-0193-5224
en	pt	HP:0000240	rdfs:label	Abnormality of skull size	Anomalia do tamanho do crânio	OFFICIAL	https://orcid.org/0009-0005-0193-5224
en	pt	HP:0000242	rdfs:label	Parietal bossing	Proeminência parietal	OFFICIAL	https://orcid.org/0009-0005-0193-5224
en	pt	HP:0000243	rdfs:label	Trigonocephaly	Trigonocefalia	OFFICIAL	https://orcid.org/0009-0005-0193-5224
en	pt	HP:0000244	rdfs:label	Brachyturricephaly	Braquiturricefalia	OFFICIAL	https://orcid.org/0009-0005-0193-5224
en	pt	HP:0000246	rdfs:label	Sinusitis	Sinusite	OFFICIAL	https://orcid.org/0009-0005-0193-5224
en	pt	HP:0000248	rdfs:label	Brachycephaly	Braquicefalia	OFFICIAL	https://orcid.org/0009-0005-0193-5224
en	pt	HP:0000250	rdfs:label	Dense calvaria	Calvária densa	OFFICIAL	https://orcid.org/0009-0005-0193-5224
en	pt	HP:0000252	rdfs:label	Microcephaly	Microcefalia	OFFICIAL	https://orcid.org/0009-0005-0193-5224
en	pt	HP:0000253	rdfs:label	Progressive microcephaly	Microcefalia progressiva	OFFICIAL	https://orcid.org/0009-0005-0193-5224
en	pt	HP:0000255	rdfs:label	Acute sinusitis	Sinusite aguda	OFFICIAL	https://orcid.org/0009-0005-0193-5224
en	pt	HP:0000256	rdfs:label	Macrocephaly	Macrocefalia	OFFICIAL	https://orcid.org/0009-0005-0193-5224
en	pt	HP:0000260	rdfs:label	Wide anterior fontanel	Fontanela anterior larga	OFFICIAL	https://orcid.org/0009-0005-0193-5224
en	pt	HP:0000262	rdfs:label	Turricephaly	Turricefalia	OFFICIAL	https://orcid.org/0009-0005-0193-5224
en	pt	HP:0000263	rdfs:label	Oxycephaly	Oxicefalia	OFFICIAL	https://orcid.org/0009-0005-0193-5224
en	pt	HP:0000264	rdfs:label	Abnormal mastoid morphology	Morfologia anormal do processo mastoide	OFFICIAL	https://orcid.org/0009-0005-0193-5224
en	pt	HP:0000265	rdfs:label	Mastoiditis	Mastoidite	OFFICIAL	https://orcid.org/0009-0005-0193-5224
en	pt	HP:0000267	rdfs:label	Cranial asymmetry	Assimetria craniana	OFFICIAL	https://orcid.org/0009-0005-0193-5224
en	pt	HP:0000268	rdfs:label	Dolichocephaly	Dolicocefalia	OFFICIAL	https://orcid.org/0009-0005-0193-5224
en	pt	HP:0000269	rdfs:label	Prominent occiput	Proeminência occipital	OFFICIAL	https://orcid.org/0009-0005-0193-5224
en	pt	HP:0000270	rdfs:label	Delayed cranial suture closure	Fechamento tardio da sutura craniana	OFFICIAL	https://orcid.org/0009-0005-0193-5224
en	pt	HP:0000271	rdfs:label	Abnormality of the face	Anomalia da face	OFFICIAL	https://orcid.org/0009-0005-0193-5224
en	pt	HP:0000272	rdfs:label	Malar flattening	Achatamento malar	OFFICIAL	https://orcid.org/0009-0005-0193-5224
en	pt	HP:0000273	rdfs:label	Facial grimacing	Careta facial	OFFICIAL	https://orcid.org/0009-0005-0193-5224
en	pt	HP:0000274	rdfs:label	Small face	Face pequena	OFFICIAL	https://orcid.org/0009-0005-0193-5224
en	pt	HP:0000275	rdfs:label	Narrow face	Face estreita	OFFICIAL	https://orcid.org/0009-0005-0193-5224
en	pt	HP:0000276	rdfs:label	Long face	Face longa	OFFICIAL	https://orcid.org/0009-0005-0193-5224
en	pt	HP:0000277	rdfs:label	Abnormal mandible morphology	Morfologia anormal da mandíbula	OFFICIAL	https://orcid.org/0009-0005-0193-5224
en	pt	HP:0000278	rdfs:label	Retrognathia	Retrognatia	OFFICIAL	https://orcid.org/0009-0005-0193-5224
en	pt	HP:0000280	rdfs:label	Coarse facial features	Características faciais grosseiras	OFFICIAL	https://orcid.org/0009-0005-0193-5224
en	pt	HP:0000282	rdfs:label	Facial edema	Edema facial	OFFICIAL	https://orcid.org/0009-0005-0193-5224
en	pt	HP:0000283	rdfs:label	Broad face	Face larga	OFFICIAL	https://orcid.org/0009-0005-0193-5224
en	pt	HP:0000286	rdfs:label	Epicanthus	Epicanto	OFFICIAL	https://orcid.org/0009-0005-0193-5224
en	pt	HP:0000287	rdfs:label	Increased facial adipose tissue	Aumento do tecido adiposo facial	OFFICIAL	https://orcid.org/0009-0005-0193-5224
en	pt	HP:0000288	rdfs:label	Abnormality of the philtrum	Anomalia do filtro	OFFICIAL	https://orcid.org/0009-0005-0193-5224
en	pt	HP:0000289	rdfs:label	Broad philtrum	Filtro largo	OFFICIAL	https://orcid.org/0009-0005-0193-5224
en	pt	HP:0000290	rdfs:label	Abnormality of the forehead	Anomalia da testa	OFFICIAL	https://orcid.org/0009-0005-0193-5224
en	pt	HP:0000291	rdfs:label	Abnormality of facial adipose tissue	Anomalia do tecido adiposo facial	OFFICIAL	https://orcid.org/0009-0005-0193-5224
en	pt	HP:0000292	rdfs:label	Loss of facial adipose tissue	Perda de tecido adiposo facial	OFFICIAL	https://orcid.org/0009-0005-0193-5224
en	pt	HP:0000293	rdfs:label	Full cheeks	Bochechas cheias	OFFICIAL	https://orcid.org/0009-0005-0193-5224
en	pt	HP:0000294	rdfs:label	Low anterior hairline	Linha anterior do cabelo baixa	OFFICIAL	https://orcid.org/0009-0005-0193-5224
en	pt	HP:0000295	rdfs:label	Doll-like facies	Facies de boneca	OFFICIAL	https://orcid.org/0009-0005-0193-5224
en	pt	HP:0000297	rdfs:label	Facial hypotonia	Hipotonia facial	OFFICIAL	https://orcid.org/0009-0005-0193-5224
en	pt	HP:0000298	rdfs:label	Mask-like facies	Facies em máscara	OFFICIAL	https://orcid.org/0009-0005-0193-5224
en	pt	HP:0000300	rdfs:label	Oval face	Face oval	OFFICIAL	https://orcid.org/0009-0005-0193-5224
en	pt	HP:0000301	rdfs:label	Abnormality of facial musculature	Anomalia da musculatura facial	OFFICIAL	https://orcid.org/0009-0005-0193-5224
en	pt	HP:0000303	rdfs:label	Mandibular prognathia	Prognatismo mandibular	OFFICIAL	https://orcid.org/0009-0005-0193-5224
en	pt	HP:0000306	rdfs:label	Abnormality of the chin	Anomalia do queixo	OFFICIAL	https://orcid.org/0009-0005-0193-5224
en	pt	HP:0000307	rdfs:label	Pointed chin	Queixo pontiagudo	OFFICIAL	https://orcid.org/0009-0005-0193-5224
en	pt	HP:0000308	rdfs:label	Microretrognathia	Microretrognatia	OFFICIAL	https://orcid.org/0009-0005-0193-5224
en	pt	HP:0000311	rdfs:label	Round face	Face redonda	OFFICIAL	https://orcid.org/0009-0005-0193-5224
en	pt	HP:0000315	rdfs:label	Abnormality of the orbital region	Anomalia da região orbital	OFFICIAL	https://orcid.org/0009-0005-0193-5224
en	pt	HP:0000316	rdfs:label	Hypertelorism	Hipertelorismo	OFFICIAL	https://orcid.org/0009-0005-0193-5224
en	pt	HP:0000317	rdfs:label	Facial myokymia	Mioquimia Facial	OFFICIAL	https://orcid.org/0009-0005-0193-5224
en	pt	HP:0000319	rdfs:label	Smooth philtrum	Filtro liso	OFFICIAL	https://orcid.org/0009-0005-0193-5224
en	pt	HP:0000320	rdfs:label	Bird-like facies	Facies de passarinho	OFFICIAL	https://orcid.org/0009-0005-0193-5224
en	pt	HP:0000321	rdfs:label	Square face	Face quadrada	OFFICIAL	https://orcid.org/0009-0005-0193-5224
en	pt	HP:0000322	rdfs:label	Short philtrum	Filtro curto	OFFICIAL	https://orcid.org/0009-0005-0193-5224
en	pt	HP:0000324	rdfs:label	Facial asymmetry	Assimetria Facial	OFFICIAL	https://orcid.org/0009-0005-0193-5224
en	pt	HP:0000325	rdfs:label	Triangular face	Rosto triangular	OFFICIAL	https://orcid.org/0009-0005-0193-5224
en	pt	HP:0000326	rdfs:label	Abnormal maxilla morphology	Morfologia anormal da maxila	OFFICIAL	https://orcid.org/0009-0005-0193-5224
en	pt	HP:0000327	rdfs:label	Hypoplasia of the maxilla	Hipoplasia maxilar	OFFICIAL	https://orcid.org/0009-0005-0193-5224
en	pt	HP:0000329	rdfs:label	Facial hemangioma	Hemangioma facial	OFFICIAL	https://orcid.org/0009-0005-0193-5224
en	pt	HP:0000331	rdfs:label	Short chin	Queixo curto	OFFICIAL	https://orcid.org/0009-0005-0193-5224
en	pt	HP:0000336	rdfs:label	Prominent supraorbital ridges	Cristas supraorbitais proeminentes	OFFICIAL	https://orcid.org/0009-0005-0193-5224
en	pt	HP:0000337	rdfs:label	Broad forehead	Testa larga	OFFICIAL	https://orcid.org/0009-0005-0193-5224
en	pt	HP:0000338	rdfs:label	Hypomimic face	Hipomimia facial	OFFICIAL	https://orcid.org/0009-0005-0193-5224
en	pt	HP:0000339	rdfs:label	Pugilistic facies	Facies de pugilista	OFFICIAL	https://orcid.org/0009-0005-0193-5224
en	pt	HP:0000340	rdfs:label	Sloping forehead	Testa inclinada	OFFICIAL	https://orcid.org/0009-0005-0193-5224
en	pt	HP:0000341	rdfs:label	Narrow forehead	Testa estreita	OFFICIAL	https://orcid.org/0009-0005-0193-5224
en	pt	HP:0000343	rdfs:label	Long philtrum	Filtro longo	OFFICIAL	https://orcid.org/0009-0005-0193-5224
en	pt	HP:0000346	rdfs:label	Whistling appearance	Face em assobio	OFFICIAL	https://orcid.org/0009-0005-0193-5224
en	pt	HP:0000347	rdfs:label	Micrognathia	Micrognatia	OFFICIAL	https://orcid.org/0009-0005-0193-5224
en	pt	HP:0000348	rdfs:label	High forehead	Testa alta	OFFICIAL	https://orcid.org/0009-0005-0193-5224
en	pt	HP:0000349	rdfs:label	Widow's peak	Bico de viúva	OFFICIAL	https://orcid.org/0009-0005-0193-5224
en	pt	HP:0000350	rdfs:label	Small forehead	Testa pequena	OFFICIAL	https://orcid.org/0009-0005-0193-5224
en	pt	HP:0000356	rdfs:label	Abnormality of the outer ear	Anomalia da orelha externa	OFFICIAL	https://orcid.org/0009-0005-0193-5224
en	pt	HP:0000357	rdfs:label	Abnormal location of ears	Localização anormal das orelhas	OFFICIAL	https://orcid.org/0009-0005-0193-5224
en	pt	HP:0000358	rdfs:label	Posteriorly rotated ears	Orelhas rodadas posteriormente	OFFICIAL	https://orcid.org/0009-0005-0193-5224
en	pt	HP:0000359	rdfs:label	Abnormality of the inner ear	Anomalia da orelha interna	OFFICIAL	https://orcid.org/0009-0005-0193-5224
en	pt	HP:0000360	rdfs:label	Tinnitus	Tinito	OFFICIAL	https://orcid.org/0009-0005-0193-5224
en	pt	HP:0000362	rdfs:label	Otosclerosis	Otosclerose	OFFICIAL	https://orcid.org/0009-0005-0193-5224
en	pt	HP:0000363	rdfs:label	Abnormal earlobe morphology	Morfologia anormal do lóbulo da orelha	OFFICIAL	https://orcid.org/0009-0005-0193-5224
en	pt	HP:0000364	rdfs:label	Hearing abnormality	Anomalia auditiva	OFFICIAL	https://orcid.org/0009-0005-0193-5224
en	pt	HP:0000366	rdfs:label	Abnormality of the nose	Anomalia do nariz	OFFICIAL	https://orcid.org/0009-0005-0193-5224
en	pt	HP:0000368	rdfs:label	Low-set, posteriorly rotated ears	Orelhas de implantação baixa, posteriormente giradas	OFFICIAL	https://orcid.org/0009-0005-0193-5224
en	pt	HP:0000369	rdfs:label	Low-set ears	Orelhas de inserção baixa	OFFICIAL	https://orcid.org/0009-0005-0193-5224
en	pt	HP:0000370	rdfs:label	Abnormality of the middle ear	Anomalia da orelha média	OFFICIAL	https://orcid.org/0009-0005-0193-5224
en	pt	HP:0000371	rdfs:label	Acute otitis media	Otite média aguda	OFFICIAL	https://orcid.org/0009-0005-0193-5224
en	pt	HP:0000372	rdfs:label	Abnormal auditory canal morphology	Morfologia anormal do canal auditivo	OFFICIAL	https://orcid.org/0009-0005-0193-5224
en	pt	HP:0000375	rdfs:label	Abnormal cochlea morphology	Morfologia anormal da cóclea	OFFICIAL	https://orcid.org/0009-0005-0193-5224
en	pt	HP:0000376	rdfs:label	Incomplete partition of the cochlea type II	Partição coclear incompleta tipo II	OFFICIAL	https://orcid.org/0009-0005-0193-5224
en	pt	HP:0000377	rdfs:label	Abnormal pinna morphology	Morfologia anormal do pavilhão auricular	OFFICIAL	https://orcid.org/0009-0005-0193-5224
en	pt	HP:0000378	rdfs:label	Cupped ear	Orelha em concha	OFFICIAL	https://orcid.org/0009-0005-0193-5224
en	pt	HP:0000381	rdfs:label	Stapes ankylosis	Anquilose do estribo	OFFICIAL	https://orcid.org/0009-0005-0193-5224
en	pt	HP:0000383	rdfs:label	Abnormal periauricular region morphology	Morfologia anormal da região periauricular	OFFICIAL	https://orcid.org/0009-0005-0193-5224
en	pt	HP:0000384	rdfs:label	Preauricular skin tag	Acrocórdon preauricular	OFFICIAL	https://orcid.org/0009-0005-0193-5224
en	pt	HP:0000385	rdfs:label	Small earlobe	Lóbulo da orelha pequeno	OFFICIAL	https://orcid.org/0009-0005-0193-5224
en	pt	HP:0000387	rdfs:label	Absent earlobe	Lóbulo da orelha ausente	OFFICIAL	https://orcid.org/0009-0005-0193-5224
en	pt	HP:0000388	rdfs:label	Otitis media	Otite média	OFFICIAL	https://orcid.org/0009-0005-0193-5224
en	pt	HP:0000389	rdfs:label	Chronic otitis media	Otite média crónica	OFFICIAL	https://orcid.org/0009-0005-0193-5224
en	pt	HP:0000391	rdfs:label	Thickened helices	Hélices espessas	OFFICIAL	https://orcid.org/0009-0005-0193-5224
en	pt	HP:0000394	rdfs:label	Lop ear	Orelha constrita	OFFICIAL	https://orcid.org/0009-0005-0193-5224
en	pt	HP:0000395	rdfs:label	Prominent antihelix	Anti-hélice proeminente	OFFICIAL	https://orcid.org/0009-0005-0193-5224
en	pt	HP:0000396	rdfs:label	Overfolded helix	Hélice sobredobrada	OFFICIAL	https://orcid.org/0009-0005-0193-5224
en	pt	HP:0000399	rdfs:label	Prelingual sensorineural hearing impairment	Deficiência auditiva neurossensorial pré-lingual	OFFICIAL	https://orcid.org/0009-0005-0193-5224
en	pt	HP:0000400	rdfs:label	Macrotia	Macrotia	OFFICIAL	https://orcid.org/0009-0005-0193-5224
en	pt	HP:0000402	rdfs:label	Stenosis of the external auditory canal	Estenose do canal auditivo externo	OFFICIAL	https://orcid.org/0009-0005-0193-5224
en	pt	HP:0000403	rdfs:label	Recurrent otitis media	Otite média recorrente	OFFICIAL	https://orcid.org/0009-0005-0193-5224
en	pt	HP:0000405	rdfs:label	Conductive hearing impairment	Deficiência auditiva condutiva	OFFICIAL	https://orcid.org/0009-0005-0193-5224
en	pt	HP:0000407	rdfs:label	Sensorineural hearing impairment	Deficiência auditiva neurossensorial	OFFICIAL	https://orcid.org/0009-0005-0193-5224
en	pt	HP:0000408	rdfs:label	Progressive sensorineural hearing impairment	Deficiência auditiva neurossensorial progressiva	OFFICIAL	https://orcid.org/0009-0005-0193-5224
en	pt	HP:0000410	rdfs:label	Mixed hearing impairment	Deficiência auditiva mista	OFFICIAL	https://orcid.org/0009-0005-0193-5224
en	pt	HP:0000411	rdfs:label	Protruding ear	Orelha saliente	OFFICIAL	https://orcid.org/0009-0005-0193-5224
en	pt	HP:0000413	rdfs:label	Atresia of the external auditory canal	Atresia do canal auditivo externo	OFFICIAL	https://orcid.org/0009-0005-0193-5224
en	pt	HP:0000414	rdfs:label	Bulbous nose	Nariz bulboso	OFFICIAL	https://orcid.org/0009-0005-0193-5224
en	pt	HP:0000415	rdfs:label	Abnormal choanae morphology	Morfologia anormal das coanas	OFFICIAL	https://orcid.org/0009-0005-0193-5224
en	pt	HP:0000417	rdfs:label	Slender nose	Nariz fino	OFFICIAL	https://orcid.org/0009-0005-0193-5224
en	pt	HP:0000418	rdfs:label	Narrow nasal ridge	Crista nasal estreita	OFFICIAL	https://orcid.org/0009-0005-0193-5224
en	pt	HP:0000419	rdfs:label	Abnormal nasal septum morphology	Morfologia anormal do septo nasal	OFFICIAL	https://orcid.org/0009-0005-0193-5224
en	pt	HP:0000420	rdfs:label	Short nasal septum	Septo nasal curto	OFFICIAL	https://orcid.org/0009-0005-0193-5224
en	pt	HP:0000421	rdfs:label	Epistaxis	Epistaxe	OFFICIAL	https://orcid.org/0009-0005-0193-5224
en	pt	HP:0000422	rdfs:label	Abnormal nasal bridge morphology	Morfologia anormal da ponte nasal	OFFICIAL	https://orcid.org/0009-0005-0193-5224
en	pt	HP:0000426	rdfs:label	Prominent nasal bridge	Ponte nasal proeminente	OFFICIAL	https://orcid.org/0009-0005-0193-5224
en	pt	HP:0000429	rdfs:label	Abnormal morphology of the nasal alae	Morfologia anormal das asas nasais	OFFICIAL	https://orcid.org/0009-0005-0193-5224
en	pt	HP:0000430	rdfs:label	Underdeveloped nasal alae	Asas nasais subdesenvolvidas	OFFICIAL	https://orcid.org/0009-0005-0193-5224
en	pt	HP:0000431	rdfs:label	Wide nasal bridge	Ponte nasal larga	OFFICIAL	https://orcid.org/0009-0005-0193-5224
en	pt	HP:0000433	rdfs:label	Abnormal nasal mucosa morphology	Morfologia anormal da mucosa nasal	OFFICIAL	https://orcid.org/0009-0005-0193-5224
en	pt	HP:0000434	rdfs:label	Nasal mucosa telangiectasia	Telangiectasia da mucosa nasal	OFFICIAL	https://orcid.org/0009-0005-0193-5224
en	pt	HP:0000436	rdfs:label	Abnormal nasal tip morphology	Morfologia anormal da ponta nasal	OFFICIAL	https://orcid.org/0009-0005-0193-5224
en	pt	HP:0000437	rdfs:label	Depressed nasal tip	Ponta nasal deprimida	OFFICIAL	https://orcid.org/0009-0005-0193-5224
en	pt	HP:0000444	rdfs:label	Convex nasal ridge	Crista nasal convexa	OFFICIAL	https://orcid.org/0009-0005-0193-5224
en	pt	HP:0000445	rdfs:label	Wide nose	Nariz largo	OFFICIAL	https://orcid.org/0009-0005-0193-5224
en	pt	HP:0000446	rdfs:label	Narrow nasal bridge	Ponte nasal estreita	OFFICIAL	https://orcid.org/0009-0005-0193-5224
en	pt	HP:0000447	rdfs:label	Pear-shaped nose	Nariz em formato de pera	OFFICIAL	https://orcid.org/0009-0005-0193-5224
en	pt	HP:0000448	rdfs:label	Prominent nose	Nariz proeminente	OFFICIAL	https://orcid.org/0009-0005-0193-5224
en	pt	HP:0000451	rdfs:label	Triangular nasal tip	Ponta nasal triangular	OFFICIAL	https://orcid.org/0009-0005-0193-5224
en	pt	HP:0000452	rdfs:label	Choanal stenosis	Estenose das coanas	OFFICIAL	https://orcid.org/0009-0005-0193-5224
en	pt	HP:0000453	rdfs:label	Choanal atresia	Atresia das coanas	OFFICIAL	https://orcid.org/0009-0005-0193-5224
en	pt	HP:0000454	rdfs:label	Flared nostrils	Narinas alargadas	OFFICIAL	https://orcid.org/0009-0005-0193-5224
en	pt	HP:0000455	rdfs:label	Broad nasal tip	Ponta nasal larga	OFFICIAL	https://orcid.org/0009-0005-0193-5224
en	pt	HP:0000456	rdfs:label	Bifid nasal tip	Ponta nasal bífida	OFFICIAL	https://orcid.org/0009-0005-0193-5224
en	pt	HP:0000457	rdfs:label	Depressed nasal ridge	Crista nasal deprimida	OFFICIAL	https://orcid.org/0009-0005-0193-5224
en	pt	HP:0000458	rdfs:label	Anosmia	Anosmia	OFFICIAL	https://orcid.org/0009-0005-0193-5224
en	pt	HP:0000460	rdfs:label	Narrow nose	Nariz estreito	OFFICIAL	https://orcid.org/0009-0005-0193-5224
en	pt	HP:0000463	rdfs:label	Anteverted nares	Narinas antevertidas	OFFICIAL	https://orcid.org/0009-0005-0193-5224
en	pt	HP:0000464	rdfs:label	Abnormality of the neck	Anomalia do pescoço	OFFICIAL	https://orcid.org/0009-0005-0193-5224
en	pt	HP:0000465	rdfs:label	Webbed neck	Pescoço alado	OFFICIAL	https://orcid.org/0009-0005-0193-5224
en	pt	HP:0000466	rdfs:label	Limited neck range of motion	Amplitude limitada do movimento do pescoço	OFFICIAL	https://orcid.org/0009-0005-0193-5224
en	pt	HP:0000467	rdfs:label	Neck muscle weakness	Fraqueza muscular cervical	OFFICIAL	https://orcid.org/0009-0005-0193-5224
en	pt	HP:0000468	rdfs:label	Increased adipose tissue around the neck	Aumento do tecido adiposo ao redor do pescoço	OFFICIAL	https://orcid.org/0009-0005-0193-5224
en	pt	HP:0000470	rdfs:label	Short neck	Pescoço curto	OFFICIAL	https://orcid.org/0009-0005-0193-5224
en	pt	HP:0000471	rdfs:label	Gastrointestinal angiodysplasia	Angiodisplasia gastrointestinal	OFFICIAL	https://orcid.org/0009-0005-0193-5224
en	pt	HP:0000472	rdfs:label	Long neck	Pescoço longo	OFFICIAL	https://orcid.org/0009-0005-0193-5224
en	pt	HP:0000473	rdfs:label	Torticollis	Torcicolo	OFFICIAL	https://orcid.org/0009-0005-0193-5224
en	pt	HP:0000474	rdfs:label	Thickened nuchal skin fold	Prega nucal espessada	OFFICIAL	https://orcid.org/0009-0005-0193-5224
en	pt	HP:0000475	rdfs:label	Broad neck	Pescoço largo	OFFICIAL	https://orcid.org/0009-0005-0193-5224
en	pt	HP:0000476	rdfs:label	Cystic hygroma	Higroma cístico	OFFICIAL	https://orcid.org/0009-0005-0193-5224
en	pt	HP:0000478	rdfs:label	Abnormality of the eye	Anomalia do olho	OFFICIAL	https://orcid.org/0009-0005-0193-5224
en	pt	HP:0000479	rdfs:label	Abnormal retinal morphology	Morfologia anormal da retina	OFFICIAL	https://orcid.org/0009-0005-0193-5224
en	pt	HP:0000480	rdfs:label	Retinal coloboma	Coloboma da retina	OFFICIAL	https://orcid.org/0009-0005-0193-5224
en	pt	HP:0000481	rdfs:label	Abnormal cornea morphology	Morfologia anormal da córnea	OFFICIAL	https://orcid.org/0009-0005-0193-5224
en	pt	HP:0000482	rdfs:label	Microcornea	Microcórnea	OFFICIAL	https://orcid.org/0009-0005-0193-5224
en	pt	HP:0000483	rdfs:label	Astigmatism	Astigmatismo	OFFICIAL	https://orcid.org/0009-0005-0193-5224
en	pt	HP:0000484	rdfs:label	Hyperopic astigmatism	Astigmatismo hipermetrópico	OFFICIAL	https://orcid.org/0009-0005-0193-5224
en	pt	HP:0000485	rdfs:label	Megalocornea	Megalocórnea	OFFICIAL	https://orcid.org/0009-0005-0193-5224
en	pt	HP:0000486	rdfs:label	Strabismus	Estrabismo	OFFICIAL	https://orcid.org/0009-0005-0193-5224
en	pt	HP:0000488	rdfs:label	Retinopathy	Retinopatia	OFFICIAL	https://orcid.org/0009-0005-0193-5224
en	pt	HP:0000490	rdfs:label	Deeply set eye	Olho profundamente inserido	OFFICIAL	https://orcid.org/0009-0005-0193-5224
en	pt	HP:0000491	rdfs:label	Keratitis	Ceratite	OFFICIAL	https://orcid.org/0009-0005-0193-5224
en	pt	HP:0000492	rdfs:label	Abnormal eyelid morphology	Morfologia anormal das pálpebras	OFFICIAL	https://orcid.org/0009-0005-0193-5224
en	pt	HP:0000493	rdfs:label	Abnormal foveal morphology	Morfologia anormal da fóvea	OFFICIAL	https://orcid.org/0009-0005-0193-5224
en	pt	HP:0000494	rdfs:label	Downslanted palpebral fissures	Fissuras palpebrais inclinadas	OFFICIAL	https://orcid.org/0009-0005-0193-5224
en	pt	HP:0000495	rdfs:label	Recurrent corneal erosions	Erosão recorrente da córnea	OFFICIAL	https://orcid.org/0009-0005-0193-5224
en	pt	HP:0000496	rdfs:label	Abnormality of eye movement	Anomalia do movimento ocular	OFFICIAL	https://orcid.org/0009-0005-0193-5224
en	pt	HP:0000497	rdfs:label	Globe retraction and deviation on abduction	Retração e desvio do globo na abdução	OFFICIAL	https://orcid.org/0009-0005-0193-5224
en	pt	HP:0000498	rdfs:label	Blepharitis	Blefarite	OFFICIAL	https://orcid.org/0009-0005-0193-5224
en	pt	HP:0000499	rdfs:label	Abnormal eyelash morphology	Morfologia anormal dos cílios	OFFICIAL	https://orcid.org/0009-0005-0193-5224
en	pt	HP:0000501	rdfs:label	Glaucoma	Glaucoma	OFFICIAL	https://orcid.org/0009-0005-0193-5224
en	pt	HP:0000502	rdfs:label	Abnormal conjunctiva morphology	Morfologia anormal da conjuntiva	OFFICIAL	https://orcid.org/0009-0005-0193-5224
en	pt	HP:0000503	rdfs:label	Tortuosity of conjunctival vessels	Tortuosidade dos vasos conjuntivais	OFFICIAL	https://orcid.org/0009-0005-0193-5224
en	pt	HP:0000504	rdfs:label	Abnormality of vision	Anomalia da visão	OFFICIAL	https://orcid.org/0009-0005-0193-5224
en	pt	HP:0000505	rdfs:label	Visual impairment	Deficiência visual	OFFICIAL	https://orcid.org/0009-0005-0193-5224
en	pt	HP:0000506	rdfs:label	Telecanthus	Telecanto	OFFICIAL	https://orcid.org/0009-0005-0193-5224
en	pt	HP:0000508	rdfs:label	Ptosis	Ptose	OFFICIAL	https://orcid.org/0009-0005-0193-5224
en	pt	HP:0000509	rdfs:label	Conjunctivitis	Conjuntivite	OFFICIAL	https://orcid.org/0009-0005-0193-5224
en	pt	HP:0000510	rdfs:label	Rod-cone dystrophy	Distrofia de cones e bastonetes	OFFICIAL	https://orcid.org/0009-0005-0193-5224
en	pt	HP:0000511	rdfs:label	Vertical supranuclear gaze palsy	Paralisia supranuclear vertical do olhar	OFFICIAL	https://orcid.org/0009-0005-0193-5224
en	pt	HP:0000512	rdfs:label	Abnormal electroretinogram	Electrorretinograma anormal	OFFICIAL	https://orcid.org/0009-0005-0193-5224
en	pt	HP:0000514	rdfs:label	Slow saccadic eye movements	Movimentos oculares sacádicos lentos	OFFICIAL	https://orcid.org/0009-0005-0193-5224
en	pt	HP:0000517	rdfs:label	Abnormal lens morphology	Morfologia anormal do cristalino	OFFICIAL	https://orcid.org/0009-0005-0193-5224
en	pt	HP:0000518	rdfs:label	Cataract	Catarata	OFFICIAL	https://orcid.org/0009-0005-0193-5224
en	pt	HP:0000519	rdfs:label	Developmental cataract	Catarata congênita	OFFICIAL	https://orcid.org/0009-0005-0193-5224
en	pt	HP:0000520	rdfs:label	Proptosis	Proptose	OFFICIAL	https://orcid.org/0009-0005-0193-5224
en	pt	HP:0000522	rdfs:label	Alacrima	Alacrimia	OFFICIAL	https://orcid.org/0009-0005-0193-5224
en	pt	HP:0000523	rdfs:label	Subcapsular cataract	Catarata subcapsular	OFFICIAL	https://orcid.org/0009-0005-0193-5224
en	pt	HP:0000524	rdfs:label	Conjunctival telangiectasia	Telangiectasia conjuntival	OFFICIAL	https://orcid.org/0009-0005-0193-5224
en	pt	HP:0000525	rdfs:label	Abnormality iris morphology	Anomalia morfológica da íris	OFFICIAL	https://orcid.org/0009-0005-0193-5224
en	pt	HP:0000526	rdfs:label	Aniridia	Aniridia	OFFICIAL	https://orcid.org/0009-0005-0193-5224
en	pt	HP:0000527	rdfs:label	Long eyelashes	Cílios longos	OFFICIAL	https://orcid.org/0009-0005-0193-5224
en	pt	HP:0000528	rdfs:label	Anophthalmia	Anoftalmia	OFFICIAL	https://orcid.org/0009-0005-0193-5224
en	pt	HP:0000529	rdfs:label	Progressive visual loss	Perda visual progressiva	OFFICIAL	https://orcid.org/0009-0005-0193-5224
en	pt	HP:0000531	rdfs:label	Corneal crystals	Cristais na córnea	OFFICIAL	https://orcid.org/0009-0005-0193-5224
en	pt	HP:0000532	rdfs:label	Abnormal chorioretinal morphology	Morfologia coriorretiniana anormal	OFFICIAL	https://orcid.org/0009-0005-0193-5224
en	pt	HP:0000533	rdfs:label	Chorioretinal atrophy	Atrofia coriorretiniana	OFFICIAL	https://orcid.org/0009-0005-0193-5224
en	pt	HP:0000534	rdfs:label	Abnormal eyebrow morphology	Morfologia anormal das sobrancelhas	OFFICIAL	https://orcid.org/0009-0005-0193-5224
en	pt	HP:0000537	rdfs:label	Epicanthus inversus	Epicanto inverso	OFFICIAL	https://orcid.org/0009-0005-0193-5224
en	pt	HP:0000538	rdfs:label	Pseudopapilledema	Pseudo-papiledema	OFFICIAL	https://orcid.org/0009-0005-0193-5224
en	pt	HP:0000539	rdfs:label	Abnormality of refraction	Anomalia da refração	OFFICIAL	https://orcid.org/0009-0005-0193-5224
en	pt	HP:0000540	rdfs:label	Hypermetropia	Hipermetropia	OFFICIAL	https://orcid.org/0009-0005-0193-5224
en	pt	HP:0000541	rdfs:label	Retinal detachment	Descolamento de retina	OFFICIAL	https://orcid.org/0009-0005-0193-5224
en	pt	HP:0000542	rdfs:label	Impaired ocular adduction	Adução ocular prejudicada	OFFICIAL	https://orcid.org/0009-0005-0193-5224
en	pt	HP:0000543	rdfs:label	Optic disc pallor	Palidez do disco óptico	OFFICIAL	https://orcid.org/0009-0005-0193-5224
en	pt	HP:0000544	rdfs:label	External ophthalmoplegia	Oftalmoplegia externa	OFFICIAL	https://orcid.org/0009-0005-0193-5224
en	pt	HP:0000545	rdfs:label	Myopia	Miopia	OFFICIAL	https://orcid.org/0009-0005-0193-5224
en	pt	HP:0000546	rdfs:label	Retinal degeneration	Degeneração retiniana	OFFICIAL	https://orcid.org/0009-0005-0193-5224
en	pt	HP:0000548	rdfs:label	Cone/cone-rod dystrophy	Distrofia de cones ou de cones e bastonetes	OFFICIAL	https://orcid.org/0009-0005-0193-5224
en	pt	HP:0000549	rdfs:label	Abnormal conjugate eye movement	Movimento ocular conjugado anormal	OFFICIAL	https://orcid.org/0009-0005-0193-5224
en	pt	HP:0000550	rdfs:label	Undetectable electroretinogram	Eletrorretinograma indetectável	OFFICIAL	https://orcid.org/0009-0005-0193-5224
en	pt	HP:0000551	rdfs:label	Color vision defect	Defeito da visão cromática	OFFICIAL	https://orcid.org/0009-0005-0193-5224
en	pt	HP:0000552	rdfs:label	Tritanomaly	Tritanomalia	OFFICIAL	https://orcid.org/0009-0005-0193-5224
en	pt	HP:0000553	rdfs:label	Abnormal uvea morphology	Morfologia anormal da úvea	OFFICIAL	https://orcid.org/0009-0005-0193-5224
en	pt	HP:0000554	rdfs:label	Uveitis	Uveíte	OFFICIAL	https://orcid.org/0009-0005-0193-5224
en	pt	HP:0000555	rdfs:label	Leukocoria	Leucocoria	OFFICIAL	https://orcid.org/0009-0005-0193-5224
en	pt	HP:0000556	rdfs:label	Retinal dystrophy	Distrofia da retina	OFFICIAL	https://orcid.org/0009-0005-0193-5224
en	pt	HP:0000557	rdfs:label	Buphthalmos	Buftalmia	OFFICIAL	https://orcid.org/0009-0005-0193-5224
en	pt	HP:0000558	rdfs:label	Rieger anomaly	Anomalia de Rieger	OFFICIAL	https://orcid.org/0009-0005-0193-5224
en	pt	HP:0000559	rdfs:label	Corneal scarring	Cicatriz corneana	OFFICIAL	https://orcid.org/0009-0005-0193-5224
en	pt	HP:0000561	rdfs:label	Absent eyelashes	Cílios ausentes	OFFICIAL	https://orcid.org/0009-0005-0193-5224
en	pt	HP:0000563	rdfs:label	Keratoconus	Queratocone	OFFICIAL	https://orcid.org/0009-0005-0193-5224
en	pt	HP:0000564	rdfs:label	Lacrimal duct atresia	Atresia do ducto lacrimal	OFFICIAL	https://orcid.org/0009-0005-0193-5224
en	pt	HP:0000565	rdfs:label	Esotropia	Esotropia	OFFICIAL	https://orcid.org/0009-0005-0193-5224
en	pt	HP:0000567	rdfs:label	Chorioretinal coloboma	Coloboma de coriorretina	OFFICIAL	https://orcid.org/0009-0005-0193-5224
en	pt	HP:0000568	rdfs:label	Microphthalmia	Microftalmia	OFFICIAL	https://orcid.org/0009-0005-0193-5224
en	pt	HP:0000570	rdfs:label	Abnormal saccadic eye movements	Movimentos oculares sacádicos anormais	OFFICIAL	https://orcid.org/0009-0005-0193-5224
en	pt	HP:0000571	rdfs:label	Hypometric saccades	Sacádicos hipométricos	OFFICIAL	https://orcid.org/0009-0005-0193-5224
en	pt	HP:0000572	rdfs:label	Visual loss	Perda visual	OFFICIAL	https://orcid.org/0009-0005-0193-5224
en	pt	HP:0000573	rdfs:label	Retinal hemorrhage	Hemorragia retiniana	OFFICIAL	https://orcid.org/0009-0005-0193-5224
en	pt	HP:0000574	rdfs:label	Thick eyebrow	Sobrancelhas grossas	OFFICIAL	https://orcid.org/0009-0005-0193-5224
en	pt	HP:0000575	rdfs:label	Scotoma	Escotoma	OFFICIAL	https://orcid.org/0009-0005-0193-5224
en	pt	HP:0000576	rdfs:label	Centrocecal scotoma	Escotoma centrocecal	OFFICIAL	https://orcid.org/0009-0005-0193-5224
en	pt	HP:0000577	rdfs:label	Exotropia	Exotropia	OFFICIAL	https://orcid.org/0009-0005-0193-5224
en	pt	HP:0000579	rdfs:label	Nasolacrimal duct obstruction	Obstrução do canal lacrimal	OFFICIAL	https://orcid.org/0009-0005-0193-5224
en	pt	HP:0000580	rdfs:label	Pigmentary retinopathy	Retinopatia pigmentar	OFFICIAL	https://orcid.org/0009-0005-0193-5224
en	pt	HP:0000581	rdfs:label	Blepharophimosis	Blefarofimose	OFFICIAL	https://orcid.org/0009-0005-0193-5224
en	pt	HP:0000582	rdfs:label	Upslanted palpebral fissure	Fissura palpebral inclinada	OFFICIAL	https://orcid.org/0009-0005-0193-5224
en	pt	HP:0000584	rdfs:label	Punctate corneal epithelial erosions	Erosões epiteliais puntiformes da córnea	OFFICIAL	https://orcid.org/0009-0005-0193-5224
en	pt	HP:0000585	rdfs:label	Band keratopathy	Ceratopatia em faixa	OFFICIAL	https://orcid.org/0009-0005-0193-5224
en	pt	HP:0000586	rdfs:label	Shallow orbits	Órbitas rasas	OFFICIAL	https://orcid.org/0009-0005-0193-5224
en	pt	HP:0000587	rdfs:label	Abnormal optic nerve morphology	Morfologia anormal do nervo óptico	OFFICIAL	https://orcid.org/0009-0005-0193-5224
en	pt	HP:0000588	rdfs:label	Optic disc coloboma	Coloboma do nervo óptico	OFFICIAL	https://orcid.org/0009-0005-0193-5224
en	pt	HP:0000590	rdfs:label	Progressive external ophthalmoplegia	Oftalmoplegia externa progressiva	OFFICIAL	https://orcid.org/0009-0005-0193-5224
en	pt	HP:0000591	rdfs:label	Abnormal sclera morphology	Morfologia anormal da esclera	OFFICIAL	https://orcid.org/0009-0005-0193-5224
en	pt	HP:0000592	rdfs:label	Blue sclerae	Escleras azuis	OFFICIAL	https://orcid.org/0009-0005-0193-5224
en	pt	HP:0000593	rdfs:label	Abnormal anterior chamber morphology	Morfologia anormal da câmara anterior	OFFICIAL	https://orcid.org/0009-0005-0193-5224
en	pt	HP:0000594	rdfs:label	Shallow anterior chamber	Câmara anterior rasa	OFFICIAL	https://orcid.org/0009-0005-0193-5224
en	pt	HP:0000597	rdfs:label	Ophthalmoparesis	Oftalmoparesia	OFFICIAL	https://orcid.org/0009-0005-0193-5224
en	pt	HP:0000598	rdfs:label	Abnormality of the ear	Anomalia da orelha	OFFICIAL	https://orcid.org/0009-0005-0193-5224
en	pt	HP:0000599	rdfs:label	Abnormality of the frontal hairline	Anomalia da linha frontal capilar	OFFICIAL	https://orcid.org/0009-0005-0193-5224
en	pt	HP:0000600	rdfs:label	Abnormality of the pharynx	Anomalia da faringe	OFFICIAL	https://orcid.org/0009-0005-0193-5224
en	pt	HP:0000601	rdfs:label	Hypotelorism	Hipotelorismo	OFFICIAL	https://orcid.org/0009-0005-0193-5224
en	pt	HP:0000602	rdfs:label	Ophthalmoplegia	Oftalmoplegia	OFFICIAL	https://orcid.org/0009-0005-0193-5224
en	pt	HP:0000603	rdfs:label	Central scotoma	Escotoma central	OFFICIAL	https://orcid.org/0009-0005-0193-5224
en	pt	HP:0000605	rdfs:label	Supranuclear gaze palsy	Paralisia supranuclear do olhar	OFFICIAL	https://orcid.org/0009-0005-0193-5224
en	pt	HP:0000606	rdfs:label	Abnormality of the periorbital region	Anomalia da região periorbital	OFFICIAL	https://orcid.org/0009-0005-0193-5224
en	pt	HP:0000607	rdfs:label	Periorbital wrinkles	Rugas periorbitais	OFFICIAL	https://orcid.org/0009-0005-0193-5224
en	pt	HP:0000608	rdfs:label	Macular degeneration	Degeneração macular	OFFICIAL	https://orcid.org/0009-0005-0193-5224
en	pt	HP:0000609	rdfs:label	Optic nerve hypoplasia	Hipoplasia do nervo óptico	OFFICIAL	https://orcid.org/0009-0005-0193-5224
en	pt	HP:0000610	rdfs:label	Abnormal choroid morphology	Morfologia anormal da coroide	OFFICIAL	https://orcid.org/0009-0005-0193-5224
en	pt	HP:0000612	rdfs:label	Iris coloboma	Coloboma da íris	OFFICIAL	https://orcid.org/0009-0005-0193-5224
en	pt	HP:0000613	rdfs:label	Photophobia	Fotofobia	OFFICIAL	https://orcid.org/0009-0005-0193-5224
en	pt	HP:0000614	rdfs:label	Abnormal nasolacrimal system morphology	Morfologia anormal do canal lacrimal	OFFICIAL	https://orcid.org/0009-0005-0193-5224
en	pt	HP:0000615	rdfs:label	Abnormal pupil morphology	Morfologia anormal da pupila	OFFICIAL	https://orcid.org/0009-0005-0193-5224
en	pt	HP:0000616	rdfs:label	Miosis	Miose	OFFICIAL	https://orcid.org/0009-0005-0193-5224
en	pt	HP:0000618	rdfs:label	Blindness	Cegueira	OFFICIAL	https://orcid.org/0009-0005-0193-5224
en	pt	HP:0000619	rdfs:label	Impaired convergence	Insuficiência de convergência	OFFICIAL	https://orcid.org/0009-0005-0193-5224
en	pt	HP:0000620	rdfs:label	Dacryocystitis	Dacriocistite	OFFICIAL	https://orcid.org/0009-0005-0193-5224
en	pt	HP:0000621	rdfs:label	Entropion	Entrópio	OFFICIAL	https://orcid.org/0009-0005-0193-5224
en	pt	HP:0000622	rdfs:label	Blurred vision	Visão turva	OFFICIAL	https://orcid.org/0009-0005-0193-5224
en	pt	HP:0000623	rdfs:label	Supranuclear ophthalmoplegia	Oftalmoplegia supranuclear	OFFICIAL	https://orcid.org/0009-0005-0193-5224
en	pt	HP:0000625	rdfs:label	Eyelid coloboma	Coloboma palpebral	OFFICIAL	https://orcid.org/0009-0005-0193-5224
en	pt	HP:0000627	rdfs:label	Posterior embryotoxon	Embriotóxon posterior	OFFICIAL	https://orcid.org/0009-0005-0193-5224
en	pt	HP:0000631	rdfs:label	Retinal arterial tortuosity	Tortuosidade arterial retiniana	OFFICIAL	https://orcid.org/0009-0005-0193-5224
en	pt	HP:0000632	rdfs:label	Lacrimation abnormality	Anomalia do lacrimejamento	OFFICIAL	https://orcid.org/0009-0005-0193-5224
en	pt	HP:0000633	rdfs:label	Decreased lacrimation	Lacrimejamento diminuído	OFFICIAL	https://orcid.org/0009-0005-0193-5224
en	pt	HP:0000634	rdfs:label	Impaired ocular abduction	Abdução ocular prejudicada	OFFICIAL	https://orcid.org/0009-0005-0193-5224
en	pt	HP:0000635	rdfs:label	Blue irides	Íris azul	OFFICIAL	https://orcid.org/0009-0005-0193-5224
en	pt	HP:0000636	rdfs:label	Upper eyelid coloboma	Coloboma palpebral superior	OFFICIAL	https://orcid.org/0009-0005-0193-5224
en	pt	HP:0000637	rdfs:label	Long palpebral fissure	Fissura palpebral longa	OFFICIAL	https://orcid.org/0009-0005-0193-5224
en	pt	HP:0000639	rdfs:label	Nystagmus	Nistagmo	OFFICIAL	https://orcid.org/0009-0005-0193-5224
en	pt	HP:0000640	rdfs:label	Gaze-evoked nystagmus	Nistagmo evocado pelo olhar	OFFICIAL	https://orcid.org/0009-0005-0193-5224
en	pt	HP:0000803	rdfs:label	Renal cortical cysts	Cistos renais corticais	OFFICIAL	https://orcid.org/0009-0005-0193-5224
en	pt	HP:0000820	rdfs:label	Abnormality of the thyroid gland	Anomalia da glândula tireoide	OFFICIAL	https://orcid.org/0009-0005-0193-5224
en	pt	HP:0000821	rdfs:label	Hypothyroidism	Hipotireoidismo	OFFICIAL	https://orcid.org/0009-0005-0193-5224
en	pt	HP:0000822	rdfs:label	Hypertension	Hipertensão	OFFICIAL	https://orcid.org/0009-0005-0193-5224
en	pt	HP:0000852	rdfs:label	Pseudohypoparathyroidism	Pseudo-hipoparatireoidismo	OFFICIAL	https://orcid.org/0009-0005-0193-5224
en	pt	HP:0000860	rdfs:label	Parathyroid hypoplasia	Hipoplasia da paratireoide	OFFICIAL	https://orcid.org/0009-0005-0193-5224
en	pt	HP:0000933	rdfs:label	Posterior fossa cyst at the fourth ventricle	Cisto de fossa posterior do quarto ventrículo	OFFICIAL	https://orcid.org/0009-0005-0193-5224
en	pt	HP:0001407	rdfs:label	Hepatic cysts	Cistos hepáticos	OFFICIAL	https://orcid.org/0009-0005-0193-5224
en	pt	HP:0002350	rdfs:label	Cerebellar cyst	Cisto cerebelar	OFFICIAL	https://orcid.org/0009-0005-0193-5224
en	pt	HP:0002416	rdfs:label	Subependymal cysts	Cistos subependimários	OFFICIAL	https://orcid.org/0009-0005-0193-5224
en	pt	HP:0002925	rdfs:label	Elevated circulating thyroid-stimulating hormone concentration	Concentração elevada de hormônio estimulante da tireoide circulante	OFFICIAL	https://orcid.org/0009-0005-0193-5224
en	pt	HP:0002926	rdfs:label	Abnormality of thyroid physiology	Anomalia da fisiologia da glândula tireoide	OFFICIAL	https://orcid.org/0009-0005-0193-5224
en	pt	HP:0002930	rdfs:label	Impaired sensitivity to thyroid hormone	Sensibilidade diminuída ao hormônio tireoidiano	OFFICIAL	https://orcid.org/0009-0005-0193-5224
en	pt	HP:0004734	rdfs:label	Renal cortical microcysts	Microcistos renais corticais	OFFICIAL	https://orcid.org/0009-0005-0193-5224
en	pt	HP:0004823	rdfs:label	Anisopoikilocytosis	Anisopoiquilocitose	OFFICIAL	https://orcid.org/0009-0005-0193-5224
en	pt	HP:0005206	rdfs:label	Pancreatic pseudocyst	Pseudocisto pancreático	OFFICIAL	https://orcid.org/0009-0005-0193-5224
en	pt	HP:0005209	rdfs:label	Intrahepatic bile duct cysts	Cistos biliares intra-hepáticos	OFFICIAL	https://orcid.org/0009-0005-0193-5224
en	pt	HP:0005562	rdfs:label	Multiple renal cysts	Múltiplos cistos renais	OFFICIAL	https://orcid.org/0009-0005-0193-5224
en	pt	HP:0005948	rdfs:label	Multiple pulmonary cysts	Múltiplos cistos pulmonares	OFFICIAL	https://orcid.org/0009-0005-0193-5224
en	pt	HP:0005990	rdfs:label	Thyroid hypoplasia	Hipoplasia da tireoide	OFFICIAL	https://orcid.org/0009-0005-0193-5224
en	pt	HP:0006781	rdfs:label	Hurthle cell thyroid adenoma	Adenoma tireoidiano de células de Hurthle	OFFICIAL	https://orcid.org/0009-0005-0193-5224
en	pt	HP:0006799	rdfs:label	Basal ganglia cysts	Cistos nos gânglios basais	OFFICIAL	https://orcid.org/0009-0005-0193-5224
en	pt	HP:0006951	rdfs:label	Retrocerebellar cyst	Cisto retrocerebelar	OFFICIAL	https://orcid.org/0009-0005-0193-5224
en	pt	HP:0007109	rdfs:label	Periventricular cysts	Cistos periventriculares	OFFICIAL	https://orcid.org/0009-0005-0193-5224
en	pt	HP:0007291	rdfs:label	Posterior fossa cyst	Cisto de fossa posterior	OFFICIAL	https://orcid.org/0009-0005-0193-5224
en	pt	HP:0007667	rdfs:label	Peripheral cystoid retinal degeneration	Degeneração cistoide periférica da retina	OFFICIAL	https://orcid.org/0009-0005-0193-5224
en	pt	HP:0008188	rdfs:label	Thyroid dysgenesis	Disgenesia tireoidiana	OFFICIAL	https://orcid.org/0009-0005-0193-5224
en	pt	HP:0008191	rdfs:label	Thyroid agenesis	Agenesia tireoidiana	OFFICIAL	https://orcid.org/0009-0005-0193-5224
en	pt	HP:0008200	rdfs:label	Primary hyperparathyroidism	Hiperparatireoidismo primário	OFFICIAL	https://orcid.org/0009-0005-0193-5224
en	pt	HP:0008223	rdfs:label	Compensated hypothyroidism	Hipotireoidismo compensado	OFFICIAL	https://orcid.org/0009-0005-0193-5224
en	pt	HP:0008225	rdfs:label	Thyroid follicular hyperplasia	Hiperplasia folicular da tireoide	OFFICIAL	https://orcid.org/0009-0005-0193-5224
en	pt	HP:0008227	rdfs:label	Pituitary resistance to thyroid hormone	Resistência hipofisária ao hormônio tireoidiano	OFFICIAL	https://orcid.org/0009-0005-0193-5224
en	pt	HP:0008229	rdfs:label	Thyroid lymphangiectasia	Linfangiectasia da tireoide	OFFICIAL	https://orcid.org/0009-0005-0193-5224
en	pt	HP:0008237	rdfs:label	Hypothalamic hypothyroidism	Hipotireoidismo hipotalâmico	OFFICIAL	https://orcid.org/0009-0005-0193-5224
en	pt	HP:0008247	rdfs:label	Euthyroid hyperthyroxinemia	Hipertiroxinemia eutireoidea	OFFICIAL	https://orcid.org/0009-0005-0193-5224
en	pt	HP:0008263	rdfs:label	Thyroid defect in oxidation and organification of iodide	Defeito tireoidiano na oxidação e organificação do iodo	OFFICIAL	https://orcid.org/0009-0005-0193-5224
en	pt	HP:0008659	rdfs:label	Multiple small medullary renal cysts	Múltiplos pequenos cistos renais medulares	OFFICIAL	https://orcid.org/0009-0005-0193-5224
en	pt	HP:0009745	rdfs:label	Spinal arachnoid cyst	Cisto aracnoide espinhal	OFFICIAL	https://orcid.org/0009-0005-0193-5224
en	pt	HP:0010518	rdfs:label	Thyroglossal cyst	Cisto tireoglosso	OFFICIAL	https://orcid.org/0009-0005-0193-5224
en	pt	HP:0010603	rdfs:label	Odontogenic keratocysts of the jaw	Ceratocistos odontogênicos na mandíbula	OFFICIAL	https://orcid.org/0009-0005-0193-5224
en	pt	HP:0010769	rdfs:label	Pilonidal sinus	Cisto pilonidal	OFFICIAL	https://orcid.org/0009-0005-0193-5224
en	pt	HP:0010770	rdfs:label	Pilonidal fistula	Fístula pilonidal	OFFICIAL	https://orcid.org/0009-0005-0193-5224
en	pt	HP:0011426	rdfs:label	Fetal choroid plexus cysts	Cistos de plexo coróide fetal	OFFICIAL	https://orcid.org/0009-0005-0193-5224
en	pt	HP:0011505	rdfs:label	Cystoid macular edema	Edema macular cistoide	OFFICIAL	https://orcid.org/0009-0005-0193-5224
en	pt	HP:0011766	rdfs:label	Abnormal parathyroid morphology	Morfologia anormal da paratireoide	OFFICIAL	https://orcid.org/0009-0005-0193-5224
en	pt	HP:0011767	rdfs:label	Abnormality of the parathyroid physiology	Anomalia da fisiologia da glândula paratireoide	OFFICIAL	https://orcid.org/0009-0005-0193-5224
en	pt	HP:0011771	rdfs:label	Autoimmune hypoparathyroidism	Hipoparatireoidismo autoimune	OFFICIAL	https://orcid.org/0009-0005-0193-5224
en	pt	HP:0011775	rdfs:label	Thyroid macrofollicular adenoma	Adenoma tireoidiano macrofolicular	OFFICIAL	https://orcid.org/0009-0005-0193-5224
en	pt	HP:0011776	rdfs:label	Thyroid microfollicular adenoma	Adenoma tireoidiano microfolicular	OFFICIAL	https://orcid.org/0009-0005-0193-5224
en	pt	HP:0011777	rdfs:label	Thyroid papillary adenoma	Adenoma papilar da tireoide	OFFICIAL	https://orcid.org/0009-0005-0193-5224
en	pt	HP:0011778	rdfs:label	Thyroid atypical adenoma	Adenoma atípico da tireoide	OFFICIAL	https://orcid.org/0009-0005-0193-5224
en	pt	HP:0011782	rdfs:label	Thyroid crisis	Crise tireotóxica	OFFICIAL	https://orcid.org/0009-0005-0193-5224
en	pt	HP:0011787	rdfs:label	Central hypothyroidism	Hipotireoidismo central	OFFICIAL	https://orcid.org/0009-0005-0193-5224
en	pt	HP:0011789	rdfs:label	Impaired sensitivity to thyroid stimulating hormone	Sensibilidade diminuída ao hormônio estimulante da tireoide	OFFICIAL	https://orcid.org/0009-0005-0193-5224
en	pt	HP:0011790	rdfs:label	Activating thyroid-stimulating hormone receptor defect	Defeito ativador do receptor do hormônio estimulante da tireoide	OFFICIAL	https://orcid.org/0009-0005-0193-5224
en	pt	HP:0011791	rdfs:label	Inactivating thyroid-stimulating hormone receptor defect	Defeito inativador do receptor do hormônio estimulante da tireoide	OFFICIAL	https://orcid.org/0009-0005-0193-5224
en	pt	HP:0012035	rdfs:label	Steatocystoma multiplex	Esteatocistoma múltiplo	OFFICIAL	https://orcid.org/0009-0005-0193-5224
en	pt	HP:0012063	rdfs:label	Aneurysmal bone cyst	Cisto ósseo aneurismático	OFFICIAL	https://orcid.org/0009-0005-0193-5224
en	pt	HP:0012096	rdfs:label	Intracranial epidermoid cyst	Cisto epidermoide intracraniano	OFFICIAL	https://orcid.org/0009-0005-0193-5224
en	pt	HP:0012097	rdfs:label	Intracranial dermoid cyst	Cisto dermoide intracraniano	OFFICIAL	https://orcid.org/0009-0005-0193-5224
en	pt	HP:0012487	rdfs:label	Cerebellopontine angle arachnoid cyst	Cisto aracnoide no ângulo pontocerebelar	OFFICIAL	https://orcid.org/0009-0005-0193-5224
en	pt	HP:0012488	rdfs:label	Intraventricular arachnoid cyst	Cisto aracnoide intraventricular	OFFICIAL	https://orcid.org/0009-0005-0193-5224
en	pt	HP:0012489	rdfs:label	Suprasellar arachnoid cyst	Cisto aracnoide suprasselar	OFFICIAL	https://orcid.org/0009-0005-0193-5224
en	pt	HP:0012540	rdfs:label	Axillary epidermoid cyst	Cisto epidermoide axilar	OFFICIAL	https://orcid.org/0009-0005-0193-5224
en	pt	HP:0012618	rdfs:label	Urachal cyst	Cisto de úraco	OFFICIAL	https://orcid.org/0009-0005-0193-5224
en	pt	HP:0020143	rdfs:label	Tracheal duplication cyst	Cisto de duplicação traqueal	OFFICIAL	https://orcid.org/0009-0005-0193-5224
en	pt	HP:0020157	rdfs:label	Thin zona pellucida	Zona pelúcida fina	OFFICIAL	https://orcid.org/0009-0005-0193-5224
en	pt	HP:0025246	rdfs:label	Trichilemmal cyst	Cisto triquilemal	OFFICIAL	https://orcid.org/0009-0005-0193-5224
en	pt	HP:0025247	rdfs:label	Dermoid cyst	Cisto dermoide	OFFICIAL	https://orcid.org/0009-0005-0193-5224
en	pt	HP:0025248	rdfs:label	Eruptive vellus hair cyst	Cisto veloso eruptivo	OFFICIAL	https://orcid.org/0009-0005-0193-5224
en	pt	HP:0025379	rdfs:label	Anti-thyroid peroxidase antibody positivity	Positividade para anticorpo antiperoxidase tireoidiana	OFFICIAL	https://orcid.org/0009-0005-0193-5224
en	pt	HP:0025388	rdfs:label	Thyroid nodule	Nódulo da glândula tireoide	OFFICIAL	https://orcid.org/0009-0005-0193-5224
en	pt	HP:0025422	rdfs:label	Pleural cyst	Cisto pleural	OFFICIAL	https://orcid.org/0009-0005-0193-5224
en	pt	HP:0025483	rdfs:label	Abnormal circulating thyroglobulin concentration	Concentração anormal de tireoglobulina circulante	OFFICIAL	https://orcid.org/0009-0005-0193-5224
en	pt	HP:0025643	rdfs:label	Tarlov cyst	Cisto de Tarlov	OFFICIAL	https://orcid.org/0009-0005-0193-5224
en	pt	HP:0025674	rdfs:label	Meconium pseudocyst	Pseudocisto de mecônio	OFFICIAL	https://orcid.org/0009-0005-0193-5224
en	pt	HP:0025728	rdfs:label	Periventricular pseudocyst	Pseudocisto periventricular	OFFICIAL	https://orcid.org/0009-0005-0193-5224
en	pt	HP:0030424	rdfs:label	Epididymal cyst	Cisto no epidídimo	OFFICIAL	https://orcid.org/0009-0005-0193-5224
en	pt	HP:0030425	rdfs:label	Calcified ovarian cyst	Cisto ovariano calcificado	OFFICIAL	https://orcid.org/0009-0005-0193-5224
en	pt	HP:0030451	rdfs:label	Mesenteric cyst	Cisto mesentérico	OFFICIAL	https://orcid.org/0009-0005-0193-5224
en	pt	HP:0030452	rdfs:label	Chylolymphatic mesenteric cyst	Cisto mesentérico quilolinfático	OFFICIAL	https://orcid.org/0009-0005-0193-5224
en	pt	HP:0030668	rdfs:label	Periorbital dermoid cyst	Cisto dermoide periorbital	OFFICIAL	https://orcid.org/0009-0005-0193-5224
en	pt	HP:0030720	rdfs:label	Subchorionic septal cyst	Cisto septal subcoriônico	OFFICIAL	https://orcid.org/0009-0005-0193-5224
en	pt	HP:0030724	rdfs:label	Central nervous system cyst	Cisto no sistema nervoso central	OFFICIAL	https://orcid.org/0009-0005-0193-5224
en	pt	HP:0030725	rdfs:label	Neurenteric cyst	Cisto neurentérico	OFFICIAL	https://orcid.org/0009-0005-0193-5224
en	pt	HP:0030726	rdfs:label	Spinal neurenteric cyst	Cisto neurentérico espinhal	OFFICIAL	https://orcid.org/0009-0005-0193-5224
en	pt	HP:0030727	rdfs:label	Intracranial neurenteric cyst	Cisto neurentérico intracraniano	OFFICIAL	https://orcid.org/0009-0005-0193-5224
en	pt	HP:0030754	rdfs:label	Allantoic cyst	Cisto alantoico	OFFICIAL	https://orcid.org/0009-0005-0193-5224
en	pt	HP:0031508	rdfs:label	Abnormal circulating thyroid hormone concentration	Concentração anormal do hormônio tireoidiano circulante	OFFICIAL	https://orcid.org/0009-0005-0193-5224
en	pt	HP:0032327	rdfs:label	Interhemispheric cyst	Cisto inter-hemisférico	OFFICIAL	https://orcid.org/0009-0005-0193-5224
en	pt	HP:0032578	rdfs:label	Third ventricle colloid cyst	Cisto coloide do terceiro ventrículo	OFFICIAL	https://orcid.org/0009-0005-0193-5224
en	pt	HP:0032608	rdfs:label	Thyroidization-type tubular atrophy	Atrofia tubular com tireoidização	OFFICIAL	https://orcid.org/0009-0005-0193-5224
en	pt	HP:0032963	rdfs:label	Complex renal cyst	Cisto renal complexo	OFFICIAL	https://orcid.org/0009-0005-0193-5224
en	pt	HP:0033075	rdfs:label	Inappropriately normal thyroid-stimulating hormone level	Nível inadequadamente normal de hormônio estimulante da tireoide	OFFICIAL	https://orcid.org/0009-0005-0193-5224
en	pt	HP:0033079	rdfs:label	Aplasia/Hypoplasia of the thyroid gland	Aplasia/Hipoplasia da glândula tireoide	OFFICIAL	https://orcid.org/0009-0005-0193-5224
en	pt	HP:0033808	rdfs:label	Spermatocele	Espermatocele	OFFICIAL	https://orcid.org/0009-0005-0193-5224
en	pt	HP:0034189	rdfs:label	Anti-thyroid-stimulating hormone receptor antibody positivity	Positividade para anticorpo anti-receptor do hormônio estimulante da tireoide	OFFICIAL	https://orcid.org/0009-0005-0193-5224
en	pt	HP:0034286	rdfs:label	Pneumocystis carinii pneumonia	Pneumonia por Pneumocystis carinii	OFFICIAL	https://orcid.org/0009-0005-0193-5224
en	pt	HP:0034485	rdfs:label	Neuroepithelial cyst	Cisto neuroepitelial	OFFICIAL	https://orcid.org/0009-0005-0193-5224
en	pt	HP:0034778	rdfs:label	Maternal hyperthyroidism	Hipertireoidismo materno	OFFICIAL	https://orcid.org/0009-0005-0193-5224
en	pt	HP:0034946	rdfs:label	Multiple eyelid margin cysts	Múltiplos cistos na margem da pálpebra	OFFICIAL	https://orcid.org/0009-0005-0193-5224
en	pt	HP:0034966	rdfs:label	Thymic cyst	Cisto tímico	OFFICIAL	https://orcid.org/0009-0005-0193-5224
en	pt	HP:0100029	rdfs:label	Lingual thyroid	Tireoide lingual	OFFICIAL	https://orcid.org/0009-0005-0193-5224
en	pt	HP:0100030	rdfs:label	Accessory ectopic thyroid tissue	Tecido tireoidiano ectópico acessório	OFFICIAL	https://orcid.org/0009-0005-0193-5224
en	pt	HP:0100611	rdfs:label	Multiple glomerular cysts	Múltiplos cistos glomerulares	OFFICIAL	https://orcid.org/0009-0005-0193-5224
en	pt	HP:0100681	rdfs:label	Esophageal duplication	Duplicação de esôfago	OFFICIAL	https://orcid.org/0009-0005-0193-5224
en	pt	HP:0100702	rdfs:label	Arachnoid cyst	Cisto aracnoide	OFFICIAL	https://orcid.org/0009-0005-0193-5224
en	pt	HP:0100730	rdfs:label	Bronchogenic cyst	Cisto Bboncogênico	OFFICIAL	https://orcid.org/0009-0005-0193-5224
en	pt	HP:0100733	rdfs:label	Neoplasm of the parathyroid gland	Neoplasia da glândula paratireoide	OFFICIAL	https://orcid.org/0009-0005-0193-5224
en	pt	HP:0100890	rdfs:label	Cyst of the ductus choledochus	Cisto de colédoco	OFFICIAL	https://orcid.org/0009-0005-0193-5224
en	pt	HP:0200040	rdfs:label	Epidermoid cyst	Cisto epidermoide	OFFICIAL	https://orcid.org/0009-0005-0193-5224
en	pt	HP:0430050	rdfs:label	Anti-thyroid antibody positivity	Positividade para anticorpos antitireoidianos	OFFICIAL	https://orcid.org/0009-0005-0193-5224
en	pt	HP:0430145	rdfs:label	Nasal dermoid cyst	Cisto dermoide do nariz	OFFICIAL	https://orcid.org/0009-0005-0193-5224
en	pt	HP:3000059	rdfs:label	Abnormal inferior thyroid vein morphology	Morfologia anormal das veias tireoidianas inferiores	OFFICIAL	https://orcid.org/0009-0005-0193-5224
en	pt	HP:4000139	rdfs:label	Fetal abdominal cyst	Cisto abdominal fetal	OFFICIAL	https://orcid.org/0009-0005-0193-5224
en	pt	HP:6000206	rdfs:label	Reduced CSF pyridoxal-5'-phosphate concentration	Concentração reduzida de piridoxal-5-fosfato no LCR	OFFICIAL	https://orcid.org/0009-0005-0193-5224
en	pt	HP:6000256	rdfs:label	Pneumocystis cysts in respiratory secretions	Cistos de Pneumocystis nas secreções respiratórias	OFFICIAL	https://orcid.org/0009-0005-0193-5224
en	pt	HP:6000364	rdfs:label	Synovial cyst	Cisto sinovial	OFFICIAL	https://orcid.org/0009-0005-0193-5224
en	pt	HP:6000461	rdfs:label	Cerebral subcortical cyst	Cisto cerebral subcortical	OFFICIAL	https://orcid.org/0009-0005-0193-5224
en	pt	HP:6000594	rdfs:label	Maxillary cyst	Cisto maxilar	OFFICIAL	https://orcid.org/0009-0005-0193-5224
en	pt	HP:6000595	rdfs:label	Mandibular cyst	Cisto mandibular	OFFICIAL	https://orcid.org/0009-0005-0193-5224
en	pt	HP:6000631	rdfs:label	Unilocular ovarian cyst	Cisto ovariano unilocular	OFFICIAL	https://orcid.org/0009-0005-0193-5224